,Player,Nation,Pos,Age,90s,total_Cmp,total_Att,total_Cmp%,total_TotDist,total_PrgDist,short_Cmp,short_Att,short_Cmp%,medium_Cmp,medium_Att,medium_Cmp%,long_Cmp,long_Att,long_Cmp%,Ast,xAG,expected_xA,expected_A-xAG,KP,1/3,PPA,CrsPA,PrgP,Matches,Team,Season
0,Pedri,es ESP,MF,22-165,28.6,2056,2368,86.8,35015,8845,989,1055,93.7,820,924,88.7,200,285,70.2,4,6.8,8.4,-2.8,62,290,70,4,318,Matches,Barcelona,2024
1,Jules Koundé,fr FRA,DF,26-178,28.9,1856,2140,86.7,28736,8279,946,1020,92.7,788,901,87.5,73,120,60.8,3,3.9,3.8,-0.9,32,154,29,8,165,Matches,Barcelona,2024
2,Robert Lewandowski,pl POL,FW,36-261,27.1,359,491,73.1,4615,898,229,281,81.5,86,112,76.8,13,27,48.1,2,2.3,1.5,-0.3,19,30,9,0,48,Matches,Barcelona,2024
3,Raphinha,br BRA,"FW,MF",28-146,27.8,929,1322,70.3,15859,4590,476,569,83.7,318,424,75.0,107,228,46.9,9,11.8,9.3,-2.8,84,81,63,16,133,Matches,Barcelona,2024
4,Lamine Yamal,es ESP,FW,17-300,27.7,970,1305,74.3,13667,3943,602,701,85.9,280,387,72.4,47,102,46.1,12,12.4,10.1,-0.4,57,69,86,14,142,Matches,Barcelona,2024
5,Pau Cubarsí,es ESP,DF,18-107,26.0,2283,2442,93.5,42926,14908,765,802,95.4,1314,1363,96.4,180,234,76.9,3,1.6,0.9,1.4,9,199,4,1,186,Matches,Barcelona,2024
6,Iñigo Martínez,es ESP,DF,33-357,25.7,2102,2307,91.1,39692,13592,776,819,94.7,1114,1174,94.9,194,266,72.9,4,2.6,1.8,1.4,16,238,9,1,249,Matches,Barcelona,2024
7,Alejandro Balde,es ESP,DF,21-203,23.1,1157,1321,87.6,17172,3626,638,686,93.0,451,497,90.7,39,65,60.0,4,3.4,2.7,0.6,26,47,37,11,86,Matches,Barcelona,2024
8,Marc Casado,es ESP,MF,21-237,17.9,1221,1367,89.3,18725,4279,654,706,92.6,472,500,94.4,62,94,66.0,3,1.4,1.8,1.6,9,138,6,0,107,Matches,Barcelona,2024
9,Iñaki Peña,es ESP,GK,26-068,14.5,521,588,88.6,11685,6528,84,85,98.8,359,362,99.2,76,139,54.7,0,0.0,0.0,0.0,0,0,0,0,3,Matches,Barcelona,2024
10,Wojciech Szczęsny,pl POL,GK,35-021,13.0,356,400,89.0,7863,4831,73,73,100.0,227,230,98.7,54,93,58.1,0,0.0,0.0,0.0,0,0,0,0,0,Matches,Barcelona,2024
11,Gavi,es ESP,"MF,FW",20-277,9.9,558,627,89.0,8218,2025,302,319,94.7,193,216,89.4,27,34,79.4,1,1.5,1.4,-0.5,13,71,11,1,64,Matches,Barcelona,2024
12,Dani Olmo,es ESP,"MF,FW",27-002,11.4,430,540,79.6,6360,1817,255,285,89.5,123,151,81.5,28,40,70.0,2,2.8,3.4,-0.8,21,37,27,1,69,Matches,Barcelona,2024
13,Ferrán Torres,es ESP,"FW,MF",25-069,11.3,249,337,73.9,3232,754,153,181,84.5,68,87,78.2,11,30,36.7,3,2.0,1.8,1.0,16,17,18,2,35,Matches,Barcelona,2024
14,Eric García,es ESP,"MF,DF",24-120,13.7,969,1049,92.4,16537,5789,393,428,91.8,501,523,95.8,51,62,82.3,2,0.5,1.0,1.5,5,110,10,1,89,Matches,Barcelona,2024
15,Fermin López,es ESP,"MF,FW",21-363,11.5,452,545,82.9,6889,1733,253,282,89.7,140,169,82.8,32,50,64.0,4,2.9,3.7,1.1,22,50,18,6,63,Matches,Barcelona,2024
16,Ronald Araújo,uy URU,DF,26-063,7.1,532,586,90.8,10188,2976,154,169,91.1,323,339,95.3,45,63,71.4,1,0.4,0.2,0.6,4,45,3,0,43,Matches,Barcelona,2024
17,Gerard Martín,es ESP,DF,23-128,9.8,561,677,82.9,8564,2382,299,331,90.3,224,255,87.8,23,45,51.1,3,1.1,1.6,1.9,12,22,15,4,34,Matches,Barcelona,2024
18,Frenkie de Jong,nl NED,MF,27-362,10.1,856,907,94.4,13253,3651,457,464,98.5,324,342,94.7,48,57,84.2,2,1.9,1.8,0.1,18,112,9,0,91,Matches,Barcelona,2024
19,Marc-André ter Stegen,de GER,GK,33-009,6.5,211,228,92.5,5304,3656,22,22,100.0,140,142,98.6,49,64,76.6,0,0.0,0.0,0.0,0,1,1,0,2,Matches,Barcelona,2024
20,Héctor Fort,es ESP,DF,18-280,6.0,410,455,90.1,5717,1272,232,246,94.3,137,151,90.7,13,16,81.3,0,0.8,1.3,-0.8,8,23,3,0,24,Matches,Barcelona,2024
21,Pablo Torre,es ESP,"MF,FW",22-036,3.4,180,220,81.8,2702,678,96,108,88.9,65,73,89.0,11,21,52.4,1,0.8,1.3,0.2,8,13,4,1,17,Matches,Barcelona,2024
22,Marc Bernal,es ESP,MF,17-348,2.7,148,160,92.5,2634,623,66,71,93.0,72,77,93.5,10,11,90.9,0,0.0,0.1,0.0,1,12,0,0,8,Matches,Barcelona,2024
23,Ansu Fati,es ESP,FW,22-190,2.6,104,125,83.2,1100,142,76,83,91.6,18,23,78.3,1,3,33.3,0,0.2,0.4,-0.2,4,3,5,0,6,Matches,Barcelona,2024
24,Pau Victor Delgado,es ESP,FW,23-164,3.3,94,116,81.0,1357,212,53,59,89.8,34,43,79.1,4,5,80.0,1,0.8,0.4,0.2,7,4,3,0,10,Matches,Barcelona,2024
25,Sergi Dominguez,es ESP,DF,20-038,1.9,171,180,95.0,3171,1062,57,57,100.0,106,112,94.6,7,10,70.0,0,0.0,0.0,0.0,0,13,0,0,13,Matches,Barcelona,2024
26,Andreas Christensen,dk DEN,DF,29-029,1.3,102,110,92.7,1541,626,50,53,94.3,48,51,94.1,2,3,66.7,0,0.0,0.0,0.0,0,10,0,0,7,Matches,Barcelona,2024
27,Daniel Rodriguez,es ESP,FW,19-273,0.4,15,20,75.0,202,28,9,11,81.8,6,8,75.0,0,1,0.0,0,0.0,0.0,0.0,0,0,2,0,2,Matches,Barcelona,2024
28,Federico Valverde,uy URU,"MF,DF",26-291,29.7,1760,1965,89.6,30938,9136,838,896,93.5,697,743,93.8,181,237,76.4,4,3.0,2.9,1.0,35,203,28,2,199,Matches,Real Madrid,2024
29,Kylian Mbappé,fr FRA,FW,26-140,28.3,817,988,82.7,11903,2063,488,558,87.5,220,253,87.0,55,69,79.7,3,6.8,6.0,-3.8,43,66,43,2,119,Matches,Real Madrid,2024
30,Thibaut Courtois,be BEL,GK,32-363,28.0,815,976,83.5,19213,12293,156,157,99.4,506,509,99.4,152,308,49.4,0,0.1,0.0,-0.1,1,4,0,0,0,Matches,Real Madrid,2024
31,Aurélien Tchouaméni,fr FRA,"DF,MF",25-102,27.3,1759,1903,92.4,30779,10048,742,776,95.6,870,923,94.3,128,167,76.6,0,0.6,0.9,-0.6,5,162,9,1,150,Matches,Real Madrid,2024
32,Antonio Rüdiger,de GER,DF,32-067,25.5,1706,1858,91.8,32076,10610,644,666,96.7,875,919,95.2,168,239,70.3,0,0.5,0.9,-0.5,7,117,6,1,94,Matches,Real Madrid,2024
33,Jude Bellingham,eng ENG,MF,21-314,24.6,1192,1379,86.4,19084,4131,646,711,90.9,418,471,88.7,99,126,78.6,8,3.7,4.1,4.3,36,117,28,0,180,Matches,Real Madrid,2024
34,Vinicius Júnior,br BRA,FW,24-301,23.7,637,857,74.3,9978,2348,360,433,83.1,189,243,77.8,60,93,64.5,5,6.7,6.3,-1.7,54,51,33,6,81,Matches,Real Madrid,2024
35,Lucas Vázquez,es ESP,DF,33-312,22.4,1333,1530,87.1,20361,4906,715,769,93.0,518,590,87.8,66,102,64.7,5,4.6,3.9,0.4,32,63,26,2,95,Matches,Real Madrid,2024
36,Rodrygo,br BRA,"FW,MF",24-120,21.4,939,1093,85.9,12276,3000,619,652,94.9,234,272,86.0,35,85,41.2,5,3.0,4.2,2.0,49,66,26,2,108,Matches,Real Madrid,2024
37,Fran Garcia,es ESP,DF,25-268,20.3,1118,1284,87.1,16071,4332,687,733,93.7,338,388,87.1,54,91,59.3,2,1.1,1.4,0.9,20,72,17,6,101,Matches,Real Madrid,2024
38,Raúl Asencio,es ESP,DF,22-085,15.9,851,908,93.7,14654,4842,375,390,96.2,412,428,96.3,52,74,70.3,1,0.5,0.4,0.5,5,44,3,0,25,Matches,Real Madrid,2024
39,Brahim Díaz,ma MAR,"FW,MF",25-279,14.3,527,608,86.7,6720,1705,361,397,90.9,134,154,87.0,11,17,64.7,2,2.8,2.0,-0.8,20,51,16,0,66,Matches,Real Madrid,2024
40,Luka Modrić,hr CRO,MF,39-242,16.8,1393,1585,87.9,24536,8093,649,694,93.5,548,592,92.6,156,235,66.4,4,5.9,5.5,-1.9,54,183,26,1,161,Matches,Real Madrid,2024
41,Ferland Mendy,fr FRA,DF,29-335,11.2,630,671,93.9,9091,2431,387,399,97.0,199,212,93.9,32,38,84.2,1,0.5,0.7,0.5,3,44,1,0,36,Matches,Real Madrid,2024
42,Dani Ceballos,es ESP,MF,28-275,10.8,1034,1093,94.6,16981,4792,506,517,97.9,436,453,96.2,67,85,78.8,0,1.4,1.8,-1.4,16,129,9,0,119,Matches,Real Madrid,2024
43,Eduardo Camavinga,fr FRA,"MF,DF",22-180,12.2,700,793,88.3,11361,3012,344,367,93.7,296,319,92.8,43,66,65.2,2,0.8,0.7,1.2,11,61,5,0,61,Matches,Real Madrid,2024
44,Éder Militão,br BRA,DF,27-111,10.4,636,712,89.3,13095,4633,189,201,94.0,372,394,94.4,72,110,65.5,1,0.5,0.2,0.5,6,56,3,0,46,Matches,Real Madrid,2024
45,Arda Güler,tr TUR,"MF,FW",20-073,10.5,564,649,86.9,9252,2258,305,325,93.8,191,215,88.8,54,81,66.7,4,3.2,3.5,0.8,30,61,21,3,69,Matches,Real Madrid,2024
46,Dani Carvajal,es ESP,DF,33-118,6.8,399,463,86.2,6523,1419,197,212,92.9,170,195,87.2,26,35,74.3,0,0.2,0.3,-0.2,5,20,5,0,27,Matches,Real Madrid,2024
47,Andriy Lunin,ua UKR,GK,26-087,5.0,143,165,86.7,3544,2225,36,37,97.3,69,69,100.0,37,58,63.8,1,0.9,0.0,0.1,1,1,0,0,0,Matches,Real Madrid,2024
48,David Alaba,at AUT,DF,32-319,3.5,206,228,90.4,3522,1456,90,90,100.0,96,98,98.0,15,32,46.9,0,0.1,0.1,-0.1,1,11,1,0,7,Matches,Real Madrid,2024
49,Endrick,br BRA,FW,18-292,2.5,40,50,80.0,602,93,20,24,83.3,14,17,82.4,2,2,100.0,0,0.3,0.1,-0.3,2,1,1,0,6,Matches,Real Madrid,2024
50,Fran,es ESP,GK,19-319,1.0,19,20,95.0,386,262,7,7,100.0,8,8,100.0,4,5,80.0,0,0.0,0.0,0.0,0,0,0,0,0,Matches,Real Madrid,2024
51,Jacobo Ramón,es ESP,DF,20-123,0.3,14,14,100.0,285,91,2,2,100.0,11,11,100.0,1,1,100.0,0,0.0,0.0,0.0,0,0,0,0,0,Matches,Real Madrid,2024
52,Jesús Vallejo,es ESP,DF,28-124,0.1,12,14,85.7,221,54,1,1,100.0,11,11,100.0,0,2,0.0,0,0.0,0.0,0.0,0,0,0,0,0,Matches,Real Madrid,2024
53,Chema,es ESP,MF,20-014,0.1,1,1,100.0,16,0,0,0,,1,1,100.0,0,0,,0,0.0,0.0,0.0,0,0,0,0,0,Matches,Real Madrid,2024
54,Lorenzo Aguado,es ESP,DF,22-232,0.1,1,1,100.0,34,0,0,0,,0,0,,1,1,100.0,0,0.0,0.0,0.0,0,0,0,0,0,Matches,Real Madrid,2024
55,Daniel Yáñez,es ESP,FW,18-042,0.0,0,0,,0,0,0,0,,0,0,,0,0,,0,0.0,0.0,0.0,0,0,0,0,0,Matches,Real Madrid,2024
56,Jan Oblak,si SVN,GK,32-122,33.0,691,871,79.3,18493,12512,120,120,100.0,365,368,99.2,201,377,53.3,0,0.0,0.0,0.0,0,6,0,0,0,Matches,Atletico Madrid,2024
57,Antoine Griezmann,fr FRA,"FW,MF",34-049,26.0,1012,1368,74.0,16050,4431,560,653,85.8,300,421,71.3,109,186,58.6,6,6.1,5.7,-0.1,45,96,42,10,134,Matches,Atletico Madrid,2024
58,Julián Álvarez,ar ARG,FW,25-098,25.2,643,858,74.9,9499,2256,362,433,83.6,196,240,81.7,45,99,45.5,2,3.5,3.8,-1.5,33,39,29,5,77,Matches,Atletico Madrid,2024
59,Pablo Barrios,es ESP,MF,21-328,24.6,1244,1445,86.1,20024,5444,653,712,91.7,478,527,90.7,85,134,63.4,3,1.6,1.6,1.4,24,142,21,3,139,Matches,Atletico Madrid,2024
60,Marcos Llorente,es ESP,"DF,MF",30-099,23.9,1158,1359,85.2,17576,4882,639,686,93.1,404,465,86.9,72,112,64.3,4,4.2,3.0,-0.2,26,77,23,13,96,Matches,Atletico Madrid,2024
61,Giuliano Simeone,ar ARG,MF,22-142,19.0,542,716,75.7,6516,1935,386,447,86.4,115,162,71.0,10,26,38.5,6,4.3,4.3,1.7,20,29,25,10,46,Matches,Atletico Madrid,2024
62,Robin Le Normand,es ESP,DF,28-179,20.9,1008,1121,89.9,17471,5351,385,412,93.4,554,581,95.4,52,102,51.0,0,0.5,1.0,-0.5,3,37,2,0,47,Matches,Atletico Madrid,2024
63,Clément Lenglet,fr FRA,DF,29-326,19.9,1066,1229,86.7,21606,8796,334,360,92.8,587,626,93.8,138,222,62.2,1,1.1,0.7,-0.1,4,66,0,0,72,Matches,Atletico Madrid,2024
64,Rodrigo De Paul,ar ARG,MF,30-350,20.0,1203,1479,81.3,20503,6338,593,653,90.8,436,518,84.2,139,230,60.4,4,4.2,4.9,-0.2,36,149,48,13,193,Matches,Atletico Madrid,2024
65,Conor Gallagher,eng ENG,MF,25-092,17.2,652,770,84.7,8966,1916,401,438,91.6,201,236,85.2,21,39,53.8,2,1.1,1.1,0.9,11,43,12,1,56,Matches,Atletico Madrid,2024
66,José María Giménez,uy URU,DF,30-109,20.2,1112,1218,91.3,22839,8579,318,337,94.4,639,669,95.5,145,195,74.4,1,0.2,0.3,0.8,2,50,0,0,53,Matches,Atletico Madrid,2024
67,Javi Galán,es ESP,DF,30-171,17.3,756,909,83.2,11242,3324,444,478,92.9,242,299,80.9,49,79,62.0,2,3.5,2.8,-1.5,12,40,18,11,47,Matches,Atletico Madrid,2024
68,Samuel Lino,br BRA,"MF,DF",25-137,14.4,547,693,78.9,8447,2009,309,349,88.5,176,217,81.1,42,62,67.7,2,2.4,1.5,-0.4,17,36,21,5,64,Matches,Atletico Madrid,2024
69,Koke,es ESP,MF,33-121,17.9,1131,1306,86.6,17891,5464,589,646,91.2,418,460,90.9,80,126,63.5,1,1.2,1.4,-0.2,11,101,17,5,105,Matches,Atletico Madrid,2024
70,Nahuel Molina,ar ARG,DF,27-033,16.0,859,1077,79.8,12939,4785,490,538,91.1,297,374,79.4,46,97,47.4,3,1.4,1.5,1.6,12,42,17,5,56,Matches,Atletico Madrid,2024
71,Alexander Sørloth,no NOR,FW,29-155,14.8,198,313,63.3,2514,527,122,188,64.9,53,78,67.9,5,7,71.4,2,1.6,0.6,0.4,12,17,8,1,26,Matches,Atletico Madrid,2024
72,Reinildo Mandava,mz MOZ,DF,31-108,10.5,515,612,84.2,7852,2969,284,302,94.0,204,247,82.6,20,45,44.4,0,0.1,0.2,-0.1,2,24,2,0,34,Matches,Atletico Madrid,2024
73,César Azpilicueta,es ESP,DF,35-254,8.2,498,579,86.0,7818,3049,251,269,93.3,210,236,89.0,26,58,44.8,0,0.0,0.4,0.0,2,38,4,1,55,Matches,Atletico Madrid,2024
74,Axel Witsel,be BEL,DF,36-117,8.5,443,492,90.0,8151,3042,159,175,90.9,248,270,91.9,33,40,82.5,1,0.5,0.6,0.5,2,16,0,0,18,Matches,Atletico Madrid,2024
75,Rodrigo Riquelme,es ESP,"MF,DF",25-037,5.7,210,269,78.1,2838,854,131,150,87.3,60,69,87.0,8,27,29.6,1,0.8,0.8,0.2,15,17,12,3,24,Matches,Atletico Madrid,2024
76,Ángel Correa,ar ARG,"FW,MF",30-061,8.1,182,248,73.4,2420,666,114,140,81.4,46,61,75.4,8,18,44.4,1,1.3,1.8,-0.3,9,18,9,1,22,Matches,Atletico Madrid,2024
77,Juan Musso,ar ARG,GK,31-003,1.0,23,29,79.3,443,264,5,5,100.0,16,16,100.0,2,7,28.6,0,0.0,0.0,0.0,0,0,0,0,0,Matches,Atletico Madrid,2024
78,Thomas Lemar,fr FRA,MF,29-178,0.7,38,46,82.6,650,263,15,17,88.2,17,20,85.0,4,6,66.7,0,0.2,0.2,-0.2,2,0,2,0,5,Matches,Atletico Madrid,2024
79,Adrian Niño,es ESP,FW,20-324,0.1,0,0,,0,0,0,0,,0,0,,0,0,,0,0.0,0.0,0.0,0,0,0,0,0,Matches,Atletico Madrid,2024
80,Iñaki Williams,gh GHA,FW,30-328,29.0,515,818,63.0,7816,2275,289,387,74.7,192,285,67.4,23,76,30.3,8,7.5,4.9,0.5,42,38,51,15,76,Matches,Athletic Club,2024
81,Daniel Vivian,es ESP,DF,25-298,25.7,1346,1549,86.9,27792,10528,356,394,90.4,822,873,94.2,162,255,63.5,0,0.4,0.7,-0.4,10,151,8,3,157,Matches,Athletic Club,2024
82,Álex Berenguer,es ESP,"FW,MF",29-309,23.0,570,856,66.6,9247,2310,305,356,85.7,196,265,74.0,53,171,31.0,7,4.6,4.1,2.4,41,46,27,10,73,Matches,Athletic Club,2024
83,Mikel Jauregizar,es ESP,MF,21-178,21.8,821,1019,80.6,15288,4168,332,382,86.9,373,440,84.8,106,158,67.1,1,1.4,1.1,-0.4,22,98,9,1,104,Matches,Athletic Club,2024
84,Nico Williams,es ESP,FW,22-301,21.3,486,687,70.7,7609,1765,278,333,83.5,157,208,75.5,37,85,43.5,5,3.5,4.1,1.5,39,23,28,8,68,Matches,Athletic Club,2024
85,Beñat Prados,es ESP,MF,24-090,17.9,611,750,81.5,10248,2480,276,325,84.9,282,326,86.5,39,68,57.4,0,1.1,1.3,-1.1,11,66,5,1,67,Matches,Athletic Club,2024
86,Gorka Guruzeta,es ESP,FW,28-239,18.1,261,360,72.5,3774,519,156,196,79.6,83,114,72.8,12,26,46.2,2,0.9,0.4,1.1,14,19,1,0,27,Matches,Athletic Club,2024
87,Aitor Paredes,es ESP,DF,25-010,18.1,734,875,83.9,15837,5930,160,179,89.4,482,517,93.2,90,169,53.3,0,0.1,0.1,-0.1,2,39,2,0,44,Matches,Athletic Club,2024
88,Yuri Berchiche,es ESP,DF,35-088,18.7,973,1158,84.0,17377,6285,442,491,90.0,438,510,85.9,86,128,67.2,2,2.1,1.9,-0.1,17,109,14,7,130,Matches,Athletic Club,2024
89,Yeray Álvarez,es ESP,DF,30-105,17.8,881,1047,84.1,17820,6199,263,294,89.5,526,565,93.1,91,169,53.8,0,0.2,0.4,-0.2,4,75,3,2,103,Matches,Athletic Club,2024
90,Oihan Sancet,es ESP,MF,25-014,16.3,424,521,81.4,6434,1541,244,281,86.8,148,176,84.1,22,34,64.7,1,1.4,1.3,-0.4,17,62,14,1,85,Matches,Athletic Club,2024
91,Unai Simón,es ESP,GK,27-332,17.0,367,536,68.5,10829,8708,44,44,100.0,202,206,98.1,121,282,42.9,0,0.0,0.0,0.0,0,7,0,0,0,Matches,Athletic Club,2024
92,Andoni Gorosabel,es ESP,DF,28-278,15.6,703,840,83.7,10612,3128,395,430,91.9,274,326,84.0,24,48,50.0,2,1.8,1.7,0.2,14,57,16,10,50,Matches,Athletic Club,2024
93,Óscar de Marcos,es ESP,DF,36-025,15.3,723,910,79.5,12816,4708,332,372,89.2,314,376,83.5,75,129,58.1,4,2.2,2.0,1.8,18,89,22,15,88,Matches,Athletic Club,2024
94,Iñigo Ruiz de Galarreta,es ESP,MF,31-276,13.9,589,725,81.2,11115,3337,214,247,86.6,312,341,91.5,56,102,54.9,4,2.8,2.5,1.2,24,91,22,3,120,Matches,Athletic Club,2024
95,Julen Agirrezabala,es ESP,GK,24-134,13.4,281,411,68.4,7681,5777,46,46,100.0,165,165,100.0,70,196,35.7,0,0.0,0.0,0.0,0,1,0,0,0,Matches,Athletic Club,2024
96,Unai Gómez,es ESP,"MF,FW",21-349,12.3,185,260,71.2,2906,635,92,118,78.0,68,87,78.2,18,34,52.9,2,0.8,0.8,1.2,9,19,1,0,21,Matches,Athletic Club,2024
97,Adama Boiro,es ESP,DF,22-321,11.2,382,477,80.1,5980,1907,203,223,91.0,166,212,78.3,11,28,39.3,0,0.3,0.5,-0.3,4,44,8,4,46,Matches,Athletic Club,2024
98,Mikel Vesga,es ESP,MF,31-353,9.8,388,478,81.2,6856,1981,169,190,88.9,175,211,82.9,39,61,63.9,0,0.6,0.6,-0.6,11,46,4,0,58,Matches,Athletic Club,2024
99,Iñigo Lekue,es ESP,DF,32-005,7.6,292,376,77.7,5007,1707,128,147,87.1,139,170,81.8,21,46,45.7,0,0.3,0.2,-0.3,6,30,0,0,33,Matches,Athletic Club,2024
100,Álvaro djaló,es ESP,FW,25-266,6.7,69,107,64.5,1071,276,40,52,76.9,22,38,57.9,6,10,60.0,0,0.9,0.6,-0.9,4,5,5,4,10,Matches,Athletic Club,2024
101,Unai Núñez,es ESP,DF,28-099,6.5,271,310,87.4,6123,2329,51,60,85.0,179,190,94.2,40,57,70.2,0,0.1,0.1,-0.1,1,14,1,0,24,Matches,Athletic Club,2024
102,Maroan Sannadi,es ESP,FW,24-097,5.7,79,109,72.5,1012,208,51,60,85.0,20,28,71.4,3,8,37.5,1,0.6,0.6,0.4,7,8,8,0,14,Matches,Athletic Club,2024
103,Alex Padilla,es ESP,GK,21-250,3.6,67,121,55.4,2317,1964,9,9,100.0,25,25,100.0,33,86,38.4,0,0.0,0.0,0.0,0,4,0,0,0,Matches,Athletic Club,2024
104,Ander Herrera,es ESP,MF,35-268,3.0,181,200,90.5,2856,628,94,101,93.1,73,82,89.0,10,13,76.9,0,0.1,0.3,-0.1,2,25,1,0,16,Matches,Athletic Club,2024
105,Peio Canales,es ESP,"MF,FW",20-112,2.1,65,80,81.3,1044,131,33,37,89.2,25,29,86.2,4,11,36.4,0,0.1,0.1,-0.1,2,5,2,0,5,Matches,Athletic Club,2024
106,Nicolás Serrano,es ESP,FW,22-065,1.2,25,44,56.8,342,90,14,18,77.8,11,15,73.3,0,9,0.0,0,0.0,0.1,0.0,1,2,1,1,4,Matches,Athletic Club,2024
107,Javi Martón,es ESP,"FW,MF",26-003,0.6,6,7,85.7,68,2,4,5,80.0,2,2,100.0,0,0,,0,0.0,0.0,0.0,0,1,0,0,0,Matches,Athletic Club,2024
108,Adu Ares,es ESP,FW,23-209,0.2,5,9,55.6,64,15,3,5,60.0,2,3,66.7,0,0,,0,0.0,0.0,0.0,0,0,1,0,3,Matches,Athletic Club,2024
109,Endika Buján,es ESP,FW,22-113,0.1,4,5,80.0,41,12,4,4,100.0,0,0,,0,1,0.0,0,0.0,0.0,0.0,0,0,0,0,0,Matches,Athletic Club,2024
110,Diego Llorente,es ESP,DF,31-266,28.0,1383,1595,86.7,27425,8921,407,446,91.3,819,872,93.9,147,249,59.0,0,0.3,0.4,-0.3,6,68,3,0,81,Matches,Real Betis,2024
111,Johnny Cardoso,us USA,MF,23-231,21.7,843,991,85.1,12816,3227,463,514,90.1,311,351,88.6,41,64,64.1,1,0.9,0.8,0.1,8,52,4,0,64,Matches,Real Betis,2024
112,Marc Bartra,es ESP,DF,34-114,20.5,845,1043,81.0,17004,5787,286,304,94.1,437,485,90.1,110,224,49.1,1,0.1,0.2,0.9,3,52,5,1,58,Matches,Real Betis,2024
113,Romain Perraud,fr FRA,DF,27-229,20.1,820,1043,78.6,11392,3932,501,554,90.4,250,317,78.9,29,80,36.3,2,1.4,1.2,0.6,14,53,13,9,55,Matches,Real Betis,2024
114,Abde Ezzalzouli,ma MAR,"FW,MF",23-143,19.6,475,669,71.0,5947,1721,322,397,81.1,118,171,69.0,11,31,35.5,2,2.0,2.1,0.0,27,37,17,2,61,Matches,Real Betis,2024
115,Natan,br BRA,DF,24-092,20.2,945,1065,88.7,18159,5713,321,339,94.7,531,576,92.2,84,136,61.8,1,0.6,0.8,0.4,5,45,3,1,45,Matches,Real Betis,2024
116,Sergi Altimira,es ESP,MF,23-257,19.5,980,1104,88.8,15628,3679,487,528,92.2,392,425,92.2,66,85,77.6,1,1.6,1.0,-0.6,20,83,13,0,92,Matches,Real Betis,2024
117,Youssouf Sabaly,sn SEN,DF,32-065,17.3,849,980,86.6,11673,4197,526,558,94.3,277,327,84.7,21,45,46.7,1,0.8,0.9,0.2,10,49,7,5,60,Matches,Real Betis,2024
118,Pablo Fornals,es ESP,"MF,FW",29-076,17.1,732,920,79.6,11936,4236,366,419,87.4,277,346,80.1,61,94,64.9,0,3.2,2.8,-3.2,34,80,31,8,125,Matches,Real Betis,2024
119,Adrián,es ESP,GK,38-126,15.0,360,478,75.3,9194,6292,53,54,98.1,205,208,98.6,101,211,47.9,0,0.0,0.0,0.0,0,4,0,0,0,Matches,Real Betis,2024
120,Rui Silva,pt POR,GK,31-091,15.0,412,524,78.6,10283,6196,66,66,100.0,250,250,100.0,93,203,45.8,0,0.1,0.0,-0.1,2,5,0,0,0,Matches,Real Betis,2024
121,Isco,es ESP,MF,33-018,14.6,810,992,81.7,13350,3974,411,453,90.7,274,322,85.1,86,142,60.6,6,3.7,3.0,2.3,49,110,26,2,132,Matches,Real Betis,2024
122,Vitor Roque,br BRA,FW,20-070,13.7,142,195,72.8,1986,451,73,96,76.0,49,61,80.3,6,8,75.0,0,1.2,0.7,-1.2,12,4,10,3,17,Matches,Real Betis,2024
123,Giovani Lo Celso,ar ARG,"MF,FW",29-030,14.5,682,869,78.5,11179,3903,336,384,87.5,240,294,81.6,69,124,55.6,2,4.7,4.7,-2.7,40,81,37,1,124,Matches,Real Betis,2024
124,Ricardo Rodríguez,ch SUI,DF,32-257,12.3,540,661,81.7,8034,2808,315,338,93.2,186,244,76.2,24,53,45.3,0,0.3,0.6,-0.3,6,40,8,5,55,Matches,Real Betis,2024
125,Antony,br BRA,FW,25-074,12.2,517,639,80.9,6940,1786,334,380,87.9,126,162,77.8,25,43,58.1,2,3.1,2.5,-1.1,31,29,34,7,50,Matches,Real Betis,2024
126,Jesus Rodríguez,es ESP,FW,19-169,10.8,216,294,73.5,2754,848,142,172,82.6,49,69,71.0,8,12,66.7,0,0.2,0.6,-0.2,8,14,17,2,32,Matches,Real Betis,2024
127,Marc Roca,es ESP,MF,28-164,10.1,465,538,86.4,7964,2303,220,236,93.2,198,216,91.7,33,54,61.1,2,1.0,0.5,1.0,12,51,6,2,59,Matches,Real Betis,2024
128,Cucho,co COL,FW,26-019,9.7,175,245,71.4,2662,735,92,121,76.0,42,59,71.2,20,26,76.9,1,1.4,0.5,-0.4,11,16,7,1,27,Matches,Real Betis,2024
129,Aitor Ruibal,es ESP,"DF,FW",29-048,11.0,342,426,80.3,5133,2009,187,199,94.0,121,149,81.2,23,48,47.9,3,2.1,1.3,0.9,18,28,10,5,37,Matches,Real Betis,2024
130,Ezequiel Ávila,ar ARG,FW,31-092,7.5,166,238,69.7,2762,614,89,110,80.9,56,78,71.8,16,30,53.3,0,1.0,1.0,-1.0,15,1,11,6,18,Matches,Real Betis,2024
131,Héctor Bellerín,es ESP,DF,30-051,6.4,270,328,82.3,4167,1594,140,153,91.5,117,144,81.3,10,21,47.6,2,2.0,2.1,0.0,8,16,4,2,24,Matches,Real Betis,2024
132,Cédric Bakambu,cd COD,FW,34-028,6.9,68,105,64.8,787,175,48,64,75.0,14,25,56.0,1,3,33.3,2,0.6,0.8,1.4,8,9,5,0,12,Matches,Real Betis,2024
133,William Carvalho,pt POR,MF,33-032,4.3,261,301,86.7,3897,1249,141,151,93.4,91,101,90.1,15,26,57.7,0,0.1,0.3,-0.1,4,31,2,0,33,Matches,Real Betis,2024
134,Fran Vieites,es ESP,GK,26-002,4.0,76,119,63.9,2047,1345,15,15,100.0,37,37,100.0,24,67,35.8,0,0.0,0.0,0.0,0,2,0,0,0,Matches,Real Betis,2024
135,Ángel Ortíz,es ESP,DF,20-288,3.8,152,208,73.1,2361,1036,80,90,88.9,62,85,72.9,7,20,35.0,1,0.1,0.2,0.9,3,11,3,2,14,Matches,Real Betis,2024
136,Iker Losada,es ESP,"MF,FW",23-281,3.7,107,142,75.4,1421,331,73,87,83.9,25,34,73.5,4,8,50.0,0,0.3,0.2,-0.3,6,4,5,1,14,Matches,Real Betis,2024
137,Assane Diao,sn SEN,FW,19-244,3.1,49,66,74.2,626,139,36,43,83.7,6,8,75.0,2,2,100.0,2,1.5,0.6,0.5,8,2,1,1,1,Matches,Real Betis,2024
138,Juanmi,es ESP,"FW,MF",31-354,2.7,58,70,82.9,674,153,49,54,90.7,6,8,75.0,2,2,100.0,0,0.4,0.1,-0.4,4,2,1,0,4,Matches,Real Betis,2024
139,Nabil Fekir,fr FRA,MF,31-295,2.0,67,82,81.7,1052,381,38,43,88.4,20,23,87.0,6,10,60.0,1,0.5,0.8,0.5,6,5,6,2,10,Matches,Real Betis,2024
140,Carlos Guirao,es ESP,MF,22-012,1.2,36,46,78.3,539,117,19,21,90.5,12,13,92.3,3,5,60.0,0,0.0,0.0,0.0,0,3,0,0,2,Matches,Real Betis,2024
141,Mateo Flores,es ESP,MF,21-032,1.7,56,69,81.2,955,282,25,30,83.3,28,32,87.5,3,5,60.0,0,0.0,0.1,0.0,0,3,1,1,9,Matches,Real Betis,2024
142,Rodri,es ESP,FW,24-358,1.3,56,66,84.8,941,282,35,36,97.2,14,17,82.4,7,11,63.6,0,0.1,0.3,-0.1,2,4,5,0,8,Matches,Real Betis,2024
143,Sergio Arribas,es ESP,DF,22-088,1.0,37,54,68.5,533,210,22,23,95.7,12,20,60.0,2,5,40.0,0,0.0,0.0,0.0,0,1,0,0,1,Matches,Real Betis,2024
144,Pablo Garcia,es ESP,FW,18-267,0.3,5,8,62.5,93,14,2,2,100.0,3,5,60.0,0,1,0.0,0,0.0,0.1,0.0,0,0,0,0,0,Matches,Real Betis,2024
145,Sergi Cardona,es ESP,DF,25-305,30.7,1056,1370,77.1,17557,6240,513,593,86.5,458,561,81.6,70,149,47.0,7,5.8,4.3,1.2,45,58,42,25,68,Matches,Villarreal,2024
146,Santi Comesaña,es ESP,MF,28-216,26.1,1091,1291,84.5,18471,5971,510,570,89.5,476,532,89.5,83,128,64.8,2,2.0,2.4,0.0,26,135,28,3,146,Matches,Villarreal,2024
147,Kiko Femenía,es ESP,DF,34-096,24.7,1339,1506,88.9,22076,7230,679,717,94.7,562,624,90.1,82,126,65.1,1,1.3,2.1,-0.3,16,108,24,14,112,Matches,Villarreal,2024
148,Alex Baena,es ESP,MF,23-293,25.2,766,1153,66.4,15596,5858,275,346,79.5,363,495,73.3,119,244,48.8,8,10.2,11.4,-2.2,85,88,66,16,170,Matches,Villarreal,2024
149,Logan Costa,cv CPV,DF,24-038,24.7,1162,1334,87.1,22409,8318,422,447,94.4,588,633,92.9,137,230,59.6,0,0.4,0.5,-0.4,3,89,5,0,103,Matches,Villarreal,2024
150,Thierno Barry,fr FRA,FW,22-200,24.3,198,317,62.5,2821,504,108,158,68.4,69,113,61.1,9,17,52.9,3,2.7,1.5,0.3,21,14,12,1,27,Matches,Villarreal,2024
151,Daniel Parejo,es ESP,MF,36-023,23.2,1277,1454,87.8,24095,7370,504,546,92.3,600,649,92.4,158,219,72.1,3,1.8,1.8,1.2,20,166,15,3,168,Matches,Villarreal,2024
152,Pape Gueye,sn SEN,MF,26-105,22.0,805,1008,79.9,14847,4919,363,412,88.1,334,386,86.5,99,166,59.6,0,1.0,2.0,-1.0,16,110,21,2,141,Matches,Villarreal,2024
153,Diego Conde,es ESP,GK,26-193,20.8,486,606,80.2,11767,7703,114,115,99.1,266,272,97.8,103,215,47.9,1,0.2,0.0,0.8,2,7,1,0,0,Matches,Villarreal,2024
154,Yeremi Pino,es ESP,MF,22-201,18.5,445,606,73.4,6710,1834,253,315,80.3,156,201,77.6,23,36,63.9,5,4.4,3.3,0.6,31,28,25,7,53,Matches,Villarreal,2024
155,Ayoze Pérez,es ESP,FW,31-284,19.6,293,391,74.9,4710,1214,133,164,81.1,131,159,82.4,18,29,62.1,2,2.5,1.8,-0.5,27,35,19,5,69,Matches,Villarreal,2024
156,Juan Foyth,ar ARG,DF,27-117,13.9,699,812,86.1,13269,5312,248,267,92.9,371,406,91.4,71,117,60.7,0,0.3,0.9,-0.3,7,48,8,2,60,Matches,Villarreal,2024
157,Raúl Albiol,es ESP,DF,39-247,13.2,727,813,89.4,14582,6006,213,225,94.7,433,463,93.5,76,115,66.1,0,0.0,0.1,0.0,0,26,1,0,34,Matches,Villarreal,2024
158,Luiz Lúcio Reis Júnior,br BRA,GK,24-115,13.2,289,396,73.0,7590,5464,69,70,98.6,134,136,98.5,81,184,44.0,0,0.0,0.0,0.0,0,3,0,0,0,Matches,Villarreal,2024
159,Nicolas Pépé,ci CIV,"FW,MF",29-345,13.6,423,541,78.2,5862,1340,250,274,91.2,128,166,77.1,24,43,55.8,5,3.8,3.6,1.2,26,21,24,3,52,Matches,Villarreal,2024
160,Willy Kambwala,fr FRA,DF,20-257,10.4,406,466,87.1,7687,2702,140,153,91.5,225,238,94.5,36,63,57.1,0,0.1,0.1,-0.1,1,8,1,0,15,Matches,Villarreal,2024
161,Eric Bailly,ci CIV,DF,31-027,6.9,280,320,87.5,5019,1914,103,109,94.5,150,165,90.9,23,41,56.1,0,0.0,0.0,0.0,0,18,0,0,18,Matches,Villarreal,2024
162,Ilias Akhomach,ma MAR,"MF,FW",21-023,6.5,136,185,73.5,2161,534,76,88,86.4,46,63,73.0,8,14,57.1,0,1.0,1.7,-1.0,9,5,8,2,12,Matches,Villarreal,2024
163,Gerard Moreno,es ESP,FW,33-032,7.2,204,269,75.8,3689,1050,93,110,84.5,81,94,86.2,25,40,62.5,1,3.0,1.7,-2.0,15,28,15,2,48,Matches,Villarreal,2024
164,Denis Suárez,es ESP,MF,31-123,5.9,179,235,76.2,2864,944,102,117,87.2,53,64,82.8,17,35,48.6,1,1.4,1.6,-0.4,13,14,6,2,27,Matches,Villarreal,2024
165,Pau Navarro,es ESP,DF,20-014,7.2,361,409,88.3,6100,2177,162,174,93.1,172,190,90.5,20,32,62.5,0,0.0,0.1,0.0,0,19,1,0,29,Matches,Villarreal,2024
166,Tajon Buchanan,ca CAN,MF,26-090,3.3,74,110,67.3,997,271,53,68,77.9,11,19,57.9,6,11,54.5,1,0.5,0.5,0.5,3,2,4,1,4,Matches,Villarreal,2024
167,Arnaut Danjuma,nl NED,FW,28-098,2.2,23,30,76.7,359,40,11,15,73.3,10,12,83.3,1,2,50.0,0,0.0,0.0,0.0,1,1,0,0,1,Matches,Villarreal,2024
168,Alfonso Pedraza,es ESP,"DF,MF",29-030,3.1,97,140,69.3,1499,553,47,49,95.9,39,52,75.0,5,18,27.8,0,0.6,0.9,-0.6,5,7,6,5,7,Matches,Villarreal,2024
169,Juan Bernat,es ESP,"DF,MF",32-069,2.4,101,130,77.7,1479,244,54,61,88.5,45,53,84.9,1,6,16.7,1,0.4,0.4,0.6,4,4,1,1,8,Matches,Villarreal,2024
170,Ramón Terrats,es ESP,"MF,FW",24-203,1.5,64,79,81.0,1157,305,28,29,96.6,27,35,77.1,7,12,58.3,0,0.3,0.4,-0.3,1,7,2,1,7,Matches,Villarreal,2024
171,Pau Cabanes,es ESP,"MF,FW",20-081,1.8,60,84,71.4,897,192,37,45,82.2,21,29,72.4,1,3,33.3,0,0.4,0.2,-0.4,4,1,3,0,11,Matches,Villarreal,2024
172,Arnau Solà,es ESP,MF,22-035,0.1,1,2,50.0,11,3,1,2,50.0,0,0,,0,0,,0,0.0,0.0,0.0,0,0,0,0,0,Matches,Villarreal,2024
173,Thiago Ojeda,ar ARG,MF,22-117,0.1,7,8,87.5,103,15,4,4,100.0,3,4,75.0,0,0,,0,0.0,0.0,0.0,0,1,0,0,2,Matches,Villarreal,2024
174,Karl Etta,cm CMR,MF,21-207,0.0,0,1,0.0,0,0,0,1,0.0,0,0,,0,0,,0,0.0,0.0,0.0,0,0,0,0,0,Matches,Villarreal,2024
175,Vicente Guaita,es ESP,GK,38-119,30.0,709,852,83.2,16463,10390,163,164,99.4,378,380,99.5,154,292,52.7,0,0.0,0.0,0.0,0,1,0,0,1,Matches,Celta Vigo,2024
176,Óscar Mingueza,es ESP,"MF,DF",25-361,26.6,1503,1943,77.4,26144,10302,696,768,90.6,621,784,79.2,148,296,50.0,6,5.2,5.7,0.8,28,158,62,11,178,Matches,Celta Vigo,2024
177,Marcos Alonso,es ESP,DF,34-132,27.0,1956,2197,89.0,35501,12899,782,830,94.2,983,1038,94.7,164,266,61.7,0,1.0,1.8,-1.0,16,204,18,5,199,Matches,Celta Vigo,2024
178,Carl Starfelt,se SWE,DF,29-342,25.2,1539,1643,93.7,27778,9742,555,579,95.9,895,937,95.5,80,105,76.2,0,0.2,0.2,-0.2,6,56,1,0,66,Matches,Celta Vigo,2024
179,Fran Beltrán,es ESP,MF,26-095,23.4,1171,1319,88.8,20777,5811,484,523,92.5,561,604,92.9,103,136,75.7,0,1.6,1.5,-1.6,14,126,13,1,140,Matches,Celta Vigo,2024
180,Javi Rodríguez,es ESP,DF,21-317,24.4,1282,1485,86.3,23219,7099,491,533,92.1,664,723,91.8,112,187,59.9,2,0.9,0.9,1.1,11,95,9,1,99,Matches,Celta Vigo,2024
181,Borja Iglesias,es ESP,FW,32-112,19.9,318,449,70.8,4601,728,178,229,77.7,97,122,79.5,18,29,62.1,3,2.7,1.3,0.3,16,18,9,0,26,Matches,Celta Vigo,2024
182,Ilaix Moriba,gn GUI,MF,22-110,19.7,745,864,86.2,11875,3158,372,422,88.2,281,312,90.1,56,74,75.7,1,1.5,2.3,-0.5,19,93,18,2,106,Matches,Celta Vigo,2024
183,Iago Aspas,es ESP,"FW,MF",37-281,17.7,597,799,74.7,9648,2791,316,392,80.6,181,228,79.4,66,97,68.0,4,3.8,3.6,0.2,34,72,33,3,121,Matches,Celta Vigo,2024
184,Sergio Carreira,es ESP,"MF,DF",24-208,16.4,597,787,75.9,9937,3209,289,337,85.8,266,334,79.6,38,77,49.4,4,3.1,2.3,0.9,15,31,23,8,49,Matches,Celta Vigo,2024
185,Hugo Álvarez,es ESP,"MF,DF",21-311,16.4,756,958,78.9,11569,3078,403,462,87.2,306,369,82.9,29,54,53.7,3,1.1,2.0,1.9,17,32,14,3,55,Matches,Celta Vigo,2024
186,Hugo Sotelo,es ESP,MF,21-141,13.9,872,1016,85.8,16248,4269,350,370,94.6,400,436,91.7,102,170,60.0,0,1.7,1.8,-1.7,19,100,12,3,83,Matches,Celta Vigo,2024
187,Pablo Durán,es ESP,"FW,MF",23-349,13.1,252,356,70.8,3728,681,135,167,80.8,89,111,80.2,15,35,42.9,4,2.8,1.0,1.2,15,19,10,3,28,Matches,Celta Vigo,2024
188,Williot Swedberg,se SWE,"FW,MF",21-097,13.0,238,330,72.1,3307,671,145,180,80.6,65,90,72.2,12,19,63.2,3,2.0,1.8,1.0,12,15,10,1,24,Matches,Celta Vigo,2024
189,Alfon,es ESP,"FW,MF",26-005,13.5,244,341,71.6,3568,491,138,157,87.9,84,114,73.7,11,24,45.8,2,2.3,2.0,-0.3,21,7,5,1,20,Matches,Celta Vigo,2024
190,Carlos Dominguez,es ESP,DF,24-087,10.0,674,773,87.2,12351,4199,210,224,93.8,424,459,92.4,31,73,42.5,0,0.1,0.2,-0.1,2,52,0,0,56,Matches,Celta Vigo,2024
191,Jonathan Bamba,ci CIV,"FW,MF",29-044,9.0,287,364,78.8,4015,1041,170,197,86.3,85,102,83.3,14,24,58.3,1,1.8,1.6,-0.8,12,20,13,6,30,Matches,Celta Vigo,2024
192,Damián Rodríguez,es ESP,MF,22-053,9.8,694,780,89.0,11955,3319,303,326,92.9,328,347,94.5,51,81,63.0,0,0.7,1.2,-0.7,15,82,3,0,70,Matches,Celta Vigo,2024
193,Javier Manquillo,es ESP,DF,31-004,5.7,335,373,89.8,5537,1582,156,169,92.3,163,172,94.8,13,23,56.5,0,0.0,0.1,0.0,0,22,2,0,24,Matches,Celta Vigo,2024
194,Anastasios Douvikas,gr GRE,FW,25-280,7.8,76,107,71.0,1074,147,39,53,73.6,30,37,81.1,2,2,100.0,1,0.2,0.2,0.8,3,2,1,0,6,Matches,Celta Vigo,2024
195,Jailson Siqueira,br BRA,"DF,MF",29-244,6.8,435,481,90.4,7809,2959,162,173,93.6,238,252,94.4,32,46,69.6,0,0.0,0.1,0.0,1,33,0,0,43,Matches,Celta Vigo,2024
196,Fer López,,"FW,MF",,5.9,190,224,84.8,3154,733,98,108,90.7,76,87,87.4,12,17,70.6,0,1.5,1.3,-1.5,12,16,11,0,37,Matches,Celta Vigo,2024
197,Yoel Lago,es ESP,DF,21-045,4.3,249,268,92.9,4674,1903,76,80,95.0,150,156,96.2,21,30,70.0,1,0.1,0.0,0.9,1,17,0,0,23,Matches,Celta Vigo,2024
198,Iván Villar,es ESP,GK,27-304,4.0,95,117,81.2,1704,1111,30,30,100.0,44,44,100.0,10,32,31.3,0,0.0,0.0,0.0,0,0,0,0,0,Matches,Celta Vigo,2024
199,Iker Losada,es ESP,"FW,MF",23-281,3.8,93,122,76.2,1379,329,55,65,84.6,31,40,77.5,4,7,57.1,0,0.3,0.6,-0.3,5,14,5,2,16,Matches,Celta Vigo,2024
200,Franco Cervi,ar ARG,"FW,MF",30-348,2.9,90,131,68.7,1658,584,36,46,78.3,44,52,84.6,8,22,36.4,0,0.3,0.3,-0.3,5,12,2,0,14,Matches,Celta Vigo,2024
201,Mihailo Ristić,rs SRB,"MF,DF",29-190,2.7,119,155,76.8,2027,607,55,61,90.2,55,66,83.3,8,19,42.1,1,0.1,0.0,0.9,2,5,0,0,4,Matches,Celta Vigo,2024
202,Luca de la Torre,us USA,MF,26-351,0.0,4,5,80.0,55,0,2,2,100.0,2,2,100.0,0,0,,0,0.0,0.0,0.0,0,0,0,0,0,Matches,Celta Vigo,2024
203,Joseph Aidoo,gh GHA,DF,29-222,0.0,6,7,85.7,126,81,1,1,100.0,5,5,100.0,0,0,,0,0.0,0.0,0.0,0,0,0,0,1,Matches,Celta Vigo,2024
204,Tadeo Allende,ar ARG,FW,26-078,0.0,1,3,33.3,7,1,1,2,50.0,0,0,,0,0,,0,0.0,0.0,0.0,0,0,0,0,0,Matches,Celta Vigo,2024
205,Florian Lejeune,fr FRA,DF,33-354,32.9,1547,1849,83.7,33330,13891,431,479,90.0,885,944,93.8,226,399,56.6,2,1.1,1.0,0.9,11,153,6,2,129,Matches,Rayo Vallecano,2024
206,Andrei Ratiu,ro ROU,DF,26-323,30.2,1328,1622,81.9,20193,7011,752,838,89.7,498,589,84.6,58,113,51.3,3,5.4,3.3,-2.4,30,97,19,9,131,Matches,Rayo Vallecano,2024
207,Augusto Batalla,ar ARG,GK,29-009,28.0,697,1035,67.3,20624,15301,102,103,99.0,357,362,98.6,237,564,42.0,0,0.0,0.1,0.0,1,23,1,0,2,Matches,Rayo Vallecano,2024
208,Jorge de Frutos,es ESP,"FW,MF",28-078,24.7,428,629,68.0,5967,1559,262,325,80.6,120,177,67.8,22,47,46.8,3,3.3,2.3,-0.3,28,22,27,13,42,Matches,Rayo Vallecano,2024
209,Pep Chavarría,es ESP,"DF,FW",27-029,25.4,1100,1374,80.1,17556,6198,582,653,89.1,427,520,82.1,72,138,52.2,1,1.5,1.8,-0.5,20,67,22,10,98,Matches,Rayo Vallecano,2024
210,Álvaro García,es ESP,"FW,MF",32-194,25.2,494,768,64.3,7584,2325,270,347,77.8,165,251,65.7,34,92,37.0,5,4.6,5.1,0.4,45,25,39,17,64,Matches,Rayo Vallecano,2024
211,Abdul Mumin,gh GHA,DF,26-337,22.4,900,1085,82.9,17231,7016,315,339,92.9,492,536,91.8,87,190,45.8,1,0.2,0.1,0.8,1,40,1,0,40,Matches,Rayo Vallecano,2024
212,Pathé Ciss,sn SEN,"MF,DF",31-054,21.0,905,1068,84.7,15761,5131,401,448,89.5,410,456,89.9,77,113,68.1,1,1.1,0.8,-0.1,16,93,7,0,113,Matches,Rayo Vallecano,2024
213,Isaac Palazón Camacho,es ESP,"MF,FW",30-133,20.0,644,828,77.8,10601,3143,347,392,88.5,213,257,82.9,68,125,54.4,4,3.4,3.2,0.6,36,67,15,3,102,Matches,Rayo Vallecano,2024
214,Unai López,es ESP,MF,29-191,16.8,922,1092,84.4,15745,4066,436,475,91.8,393,438,89.7,80,148,54.1,1,0.8,1.0,0.2,17,94,9,1,102,Matches,Rayo Vallecano,2024
215,Óscar Valentín,es ESP,MF,30-262,18.6,622,753,82.6,9876,3489,314,352,89.2,261,301,86.7,37,66,56.1,0,0.8,1.1,-0.8,11,67,6,1,82,Matches,Rayo Vallecano,2024
216,Adri Embarba,es ESP,"FW,MF",33-002,16.5,352,552,63.8,5700,1410,200,249,80.3,99,147,67.3,40,109,36.7,1,2.7,2.5,-1.7,20,20,17,10,42,Matches,Rayo Vallecano,2024
217,Randy Nteka,ao ANG,FW,27-154,12.5,144,223,64.6,1834,230,94,123,76.4,39,65,60.0,3,6,50.0,0,0.5,0.3,-0.5,9,5,2,0,8,Matches,Rayo Vallecano,2024
218,Sergio Camello,es ESP,FW,24-088,12.6,207,263,78.7,2869,452,127,151,84.1,61,73,83.6,7,9,77.8,2,2.0,1.1,0.0,19,12,7,0,27,Matches,Rayo Vallecano,2024
219,Pedro Díaz,es ESP,MF,26-338,11.5,385,486,79.2,5796,1628,223,253,88.1,116,132,87.9,29,71,40.8,0,1.4,1.7,-1.4,19,36,14,2,51,Matches,Rayo Vallecano,2024
220,Iván Balliu,al ALB,DF,33-128,10.0,352,476,73.9,5773,2437,176,197,89.3,147,188,78.2,23,65,35.4,0,0.4,0.3,-0.4,5,29,3,1,34,Matches,Rayo Vallecano,2024
221,Aridane Hernández,es ESP,DF,36-047,8.4,333,382,87.2,6168,2103,144,155,92.9,153,168,91.1,33,51,64.7,0,0.0,0.0,0.0,1,13,0,0,30,Matches,Rayo Vallecano,2024
222,Alfonso Espino,uy URU,DF,33-124,8.2,311,427,72.8,4780,2166,176,196,89.8,112,157,71.3,18,56,32.1,0,0.2,0.4,-0.2,2,33,4,3,35,Matches,Rayo Vallecano,2024
223,Gerard Gumbau,es ESP,MF,30-142,8.6,287,382,75.1,4854,1511,144,165,87.3,103,126,81.7,30,70,42.9,1,1.3,0.8,-0.3,17,32,3,1,34,Matches,Rayo Vallecano,2024
224,Cárdenas,es ESP,GK,28-042,6.0,94,179,52.5,3014,2377,11,11,100.0,51,52,98.1,32,115,27.8,0,0.0,0.0,0.0,0,2,0,0,0,Matches,Rayo Vallecano,2024
225,Óscar Trejo,ar ARG,MF,37-013,5.4,244,292,83.6,3202,737,162,177,91.5,60,75,80.0,10,20,50.0,0,0.9,0.3,-0.9,7,29,5,0,35,Matches,Rayo Vallecano,2024
226,Sergi Guardiola,es ESP,FW,33-345,4.0,56,84,66.7,703,192,41,55,74.5,10,16,62.5,3,5,60.0,0,0.1,0.2,-0.1,5,2,3,1,3,Matches,Rayo Vallecano,2024
227,James Rodríguez,co COL,"MF,FW",33-301,1.6,78,98,79.6,1368,440,40,44,90.9,21,25,84.0,13,24,54.2,0,0.2,0.3,-0.2,2,12,1,0,13,Matches,Rayo Vallecano,2024
228,Pelayo Fernandez,es ESP,DF,22-010,1.0,20,24,83.3,365,130,12,13,92.3,6,8,75.0,2,2,100.0,0,0.0,0.0,0.0,0,0,0,0,0,Matches,Rayo Vallecano,2024
229,Etienne Eto'o,cm CMR,FW,22-264,0.4,1,5,20.0,10,3,1,2,50.0,0,1,0.0,0,0,,0,0.0,0.1,0.0,0,0,0,0,0,Matches,Rayo Vallecano,2024
230,Raúl de Tomás,es ESP,"DF,FW",30-204,0.2,5,6,83.3,50,0,4,4,100.0,0,1,0.0,0,0,,0,0.0,0.0,0.0,0,0,0,0,0,Matches,Rayo Vallecano,2024
231,Sergio Herrera,es ESP,GK,31-338,33.0,772,1103,70.0,25912,20898,81,82,98.8,348,356,97.8,343,661,51.9,0,0.0,0.1,0.0,0,27,0,0,2,Matches,Osasuna,2024
232,Jesús Areso,es ESP,DF,25-311,30.2,1000,1392,71.8,16693,7092,492,557,88.3,402,555,72.4,84,190,44.2,3,2.9,2.1,0.1,24,87,44,25,95,Matches,Osasuna,2024
233,Catena,es ESP,DF,30-193,30.2,1136,1360,83.5,24716,9912,252,276,91.3,719,767,93.7,160,293,54.6,2,1.4,1.6,0.6,5,61,3,0,81,Matches,Osasuna,2024
234,Lucas Torró,es ESP,MF,30-294,29.4,966,1271,76.0,16507,4751,454,575,79.0,398,484,82.2,86,152,56.6,0,0.9,1.6,-0.9,9,109,4,0,103,Matches,Osasuna,2024
235,Aimar Oroz,es ESP,"MF,FW",23-163,29.0,795,973,81.7,12839,3100,414,471,87.9,306,364,84.1,53,76,69.7,2,2.0,3.0,0.0,32,78,32,3,143,Matches,Osasuna,2024
236,Ante Budimir,hr CRO,FW,33-291,29.1,218,392,55.6,2740,440,150,229,65.5,54,108,50.0,3,9,33.3,4,1.7,1.1,2.3,16,8,7,0,21,Matches,Osasuna,2024
237,Enzo Boyomo,cm CMR,DF,23-214,29.2,1085,1247,87.0,20791,7866,368,400,92.0,605,653,92.6,103,169,60.9,0,0.8,0.6,-0.8,3,77,5,0,97,Matches,Osasuna,2024
238,Rubén García,es ESP,"FW,MF",31-299,24.5,818,1099,74.4,14287,3632,400,474,84.4,276,348,79.3,105,180,58.3,5,3.1,4.2,1.9,42,69,27,15,102,Matches,Osasuna,2024
239,Jon Moncayola,es ESP,MF,26-361,22.9,721,965,74.7,13334,4388,308,352,87.5,297,378,78.6,97,181,53.6,0,3.7,4.6,-3.7,31,75,24,13,105,Matches,Osasuna,2024
240,Abel,es ESP,DF,24-261,22.4,749,1035,72.4,12498,4920,371,421,88.1,304,386,78.8,57,157,36.3,0,1.0,1.4,-1.0,15,55,16,12,71,Matches,Osasuna,2024
241,Bryan Zaragoza,es ESP,"FW,MF",24-014,16.9,287,448,64.1,5166,1402,131,168,78.0,109,166,65.7,40,81,49.4,5,2.7,4.5,2.3,26,20,25,15,40,Matches,Osasuna,2024
242,Jorge Herrando,es ESP,DF,24-070,15.2,625,732,85.4,11580,4279,207,223,92.8,371,406,91.4,41,87,47.1,0,0.0,0.1,0.0,0,29,0,0,38,Matches,Osasuna,2024
243,Juan Cruz Armada,es ESP,DF,32-285,13.0,392,511,76.7,6205,2802,197,223,88.3,166,217,76.5,19,49,38.8,0,0.0,0.2,0.0,2,43,1,0,40,Matches,Osasuna,2024
244,Pablo Ibáñez,es ESP,MF,26-231,11.4,306,407,75.2,4855,1098,156,191,81.7,125,157,79.6,16,28,57.1,1,1.5,0.3,-0.5,5,30,2,1,43,Matches,Osasuna,2024
245,Moi Gómez,es ESP,"MF,FW",30-320,8.8,398,494,80.6,6612,1756,204,229,89.1,145,170,85.3,36,60,60.0,0,0.8,1.1,-0.8,11,46,13,9,49,Matches,Osasuna,2024
246,Rubén Peña,es ESP,"FW,DF",33-295,7.6,169,286,59.1,2791,1297,88,114,77.2,65,112,58.0,14,37,37.8,0,0.5,0.7,-0.5,12,17,9,5,24,Matches,Osasuna,2024
247,Raúl,es ESP,"FW,MF",24-187,7.7,102,152,67.1,1387,204,63,81,77.8,31,41,75.6,3,11,27.3,0,0.7,0.4,-0.7,3,11,0,0,14,Matches,Osasuna,2024
248,Iker Muñoz,es ESP,MF,22-185,5.6,203,256,79.3,3484,841,95,105,90.5,88,104,84.6,15,27,55.6,0,0.4,0.6,-0.4,4,22,4,1,18,Matches,Osasuna,2024
249,Kike Barja,es ESP,"FW,MF",28-038,2.9,65,101,64.4,1200,382,29,36,80.6,23,33,69.7,10,18,55.6,0,0.8,1.0,-0.8,8,3,7,6,3,Matches,Osasuna,2024
250,Nacho Vidal,es ESP,DF,30-105,1.4,37,49,75.5,613,304,21,23,91.3,8,11,72.7,7,11,63.6,0,0.0,0.0,0.0,0,1,0,0,1,Matches,Osasuna,2024
251,José Arnaiz,es ESP,"MF,FW",30-024,1.4,39,61,63.9,522,149,23,27,85.2,7,13,53.8,4,13,30.8,0,0.1,0.3,-0.1,2,2,3,2,3,Matches,Osasuna,2024
252,Aitor Fernández,es ESP,GK,34-006,1.0,29,45,64.4,1243,1147,0,0,,10,10,100.0,19,35,54.3,0,0.0,0.0,0.0,0,1,0,0,0,Matches,Osasuna,2024
253,Unai García,es ESP,DF,33-095,0.7,35,37,94.6,789,278,4,4,100.0,27,29,93.1,4,4,100.0,0,0.0,0.0,0.0,0,1,0,0,3,Matches,Osasuna,2024
254,Iker Benito,es ESP,"FW,MF",22-272,0.4,9,13,69.2,128,7,4,6,66.7,3,4,75.0,1,2,50.0,0,0.0,0.0,0.0,1,0,0,0,0,Matches,Osasuna,2024
255,Javi Martínez,es ESP,MF,25-138,0.1,9,9,100.0,126,55,6,6,100.0,3,3,100.0,0,0,,0,0.0,0.0,0.0,0,1,0,0,1,Matches,Osasuna,2024
256,Antonio Raillo,es ESP,DF,33-213,31.6,1360,1537,88.5,25723,9143,459,501,91.6,762,816,93.4,120,185,64.9,0,1.5,0.9,-1.5,12,73,6,0,91,Matches,Mallorca,2024
257,Sergi Darder,es ESP,"MF,FW",31-138,26.6,848,1113,76.2,16307,4950,374,421,88.8,315,394,79.9,137,241,56.8,5,3.3,4.6,1.7,47,105,31,13,122,Matches,Mallorca,2024
258,Johan Mojica,co COL,DF,32-261,28.3,1090,1482,73.5,19504,8669,546,619,88.2,395,514,76.8,135,262,51.5,2,4.0,4.2,-2.0,38,96,50,30,125,Matches,Mallorca,2024
259,Dominik Greif,sk SVK,GK,28-033,28.0,662,950,69.7,20017,15641,118,118,100.0,309,310,99.7,235,516,45.5,0,0.0,0.1,0.0,0,13,1,0,0,Matches,Mallorca,2024
260,Martin Valjent,sk SVK,DF,29-149,27.7,1030,1210,85.1,19326,7499,386,422,91.5,511,547,93.4,115,201,57.2,0,0.1,0.4,-0.1,3,67,4,0,77,Matches,Mallorca,2024
261,Samu Costa,pt POR,MF,24-163,25.6,1003,1245,80.6,17961,5129,448,516,86.8,430,504,85.3,109,158,69.0,2,1.2,1.7,0.8,14,98,13,5,101,Matches,Mallorca,2024
262,Pablo Maffeo,es ESP,DF,27-301,24.5,685,971,70.5,11736,4907,343,382,89.8,255,358,71.2,76,176,43.2,1,4.0,3.1,-3.0,27,46,30,22,66,Matches,Mallorca,2024
263,Dani Rodríguez,es ESP,"MF,FW",36-337,21.8,462,670,69.0,7766,2403,240,295,81.4,158,212,74.5,51,121,42.1,7,3.0,3.3,4.0,31,41,15,6,74,Matches,Mallorca,2024
264,Vedat Muriqi,xk KVX,FW,31-015,19.6,254,416,61.1,3635,762,152,212,71.7,71,131,54.2,14,22,63.6,2,2.0,1.7,0.0,23,21,6,0,28,Matches,Mallorca,2024
265,Cyle Larin,ca CAN,FW,30-022,18.0,193,289,66.8,2404,346,125,164,76.2,49,79,62.0,5,8,62.5,2,1.4,0.4,0.6,7,10,2,0,18,Matches,Mallorca,2024
266,Omar Mascarell,gq EQG,MF,32-096,19.1,666,783,85.1,11644,3155,303,327,92.7,277,306,90.5,68,109,62.4,0,0.1,0.2,-0.1,2,51,2,0,59,Matches,Mallorca,2024
267,Copete,es ESP,DF,25-211,16.0,617,740,83.4,11727,4520,230,253,90.9,312,346,90.2,69,119,58.0,0,0.0,0.1,0.0,0,35,4,0,47,Matches,Mallorca,2024
268,Manu Morlanes,es ESP,MF,26-117,14.4,594,665,89.3,9630,2895,287,309,92.9,254,282,90.1,33,46,71.7,0,0.3,0.7,-0.3,10,80,10,3,83,Matches,Mallorca,2024
269,Roberto Navarro,es ESP,"MF,FW",23-027,14.2,357,473,75.5,5122,1424,222,258,86.0,106,141,75.2,19,37,51.4,0,1.9,1.5,-1.9,13,27,14,3,51,Matches,Mallorca,2024
270,Takuma Asano,jp JPN,"FW,MF",30-180,11.0,136,203,67.0,1928,471,84,99,84.8,45,63,71.4,4,16,25.0,0,0.6,0.6,-0.6,5,8,3,2,19,Matches,Mallorca,2024
271,Antonio Sánchez,es ESP,"MF,DF",28-128,13.6,342,470,72.8,5724,1676,170,198,85.9,122,161,75.8,35,70,50.0,0,0.6,0.8,-0.6,5,31,7,3,35,Matches,Mallorca,2024
272,Leo Román,es ESP,GK,24-307,6.0,120,206,58.3,4073,3278,8,8,100.0,57,59,96.6,55,139,39.6,0,0.0,0.0,0.0,0,4,0,0,0,Matches,Mallorca,2024
273,Mateu Morey,es ESP,DF,25-068,5.5,203,265,76.6,3098,904,113,128,88.3,77,94,81.9,11,26,42.3,0,0.3,0.2,-0.3,4,10,3,1,12,Matches,Mallorca,2024
274,Toni Lato,es ESP,DF,27-169,5.1,185,253,73.1,3256,1164,91,111,82.0,79,104,76.0,15,30,50.0,0,0.4,0.6,-0.4,5,14,10,9,21,Matches,Mallorca,2024
275,Abdón Prats,es ESP,"FW,MF",32-153,5.1,58,87,66.7,837,164,34,46,73.9,16,24,66.7,4,6,66.7,0,0.1,0.1,-0.1,3,5,1,0,7,Matches,Mallorca,2024
276,Marc Domenech,es ESP,"FW,MF",19-128,2.3,25,38,65.8,354,101,17,22,77.3,5,9,55.6,2,3,66.7,0,0.2,0.2,-0.2,5,0,3,2,3,Matches,Mallorca,2024
277,Valery Fernández,es ESP,"MF,FW",25-167,3.3,76,87,87.4,994,192,48,56,85.7,20,22,90.9,3,3,100.0,0,0.0,0.1,0.0,1,4,2,1,5,Matches,Mallorca,2024
278,Chiquinho,pt POR,"MF,FW",25-093,1.6,22,34,64.7,299,87,13,15,86.7,5,9,55.6,2,7,28.6,0,0.0,0.1,0.0,2,0,0,0,1,Matches,Mallorca,2024
279,Siebe Van Der Heyden,be BEL,"DF,MF",26-344,1.1,65,73,89.0,1164,308,31,33,93.9,26,30,86.7,7,9,77.8,0,0.1,0.1,-0.1,1,7,1,1,5,Matches,Mallorca,2024
280,David López,es ESP,DF,22-095,0.9,31,35,88.6,531,172,15,15,100.0,14,15,93.3,2,3,66.7,0,0.0,0.0,0.0,0,0,1,0,2,Matches,Mallorca,2024
281,Javier Llabrés,es ESP,FW,22-240,0.6,20,24,83.3,294,88,12,12,100.0,7,10,70.0,1,2,50.0,0,0.1,0.1,-0.1,1,0,1,1,3,Matches,Mallorca,2024
282,Jan Salas,es ESP,MF,19-272,0.3,13,16,81.3,162,36,7,7,100.0,5,6,83.3,0,0,,0,0.0,0.0,0.0,0,3,0,0,1,Matches,Mallorca,2024
283,Daniel Luna,co COL,MF,22-002,0.2,8,13,61.5,88,16,5,6,83.3,2,5,40.0,0,1,0.0,0,0.0,0.0,0.0,0,1,0,0,0,Matches,Mallorca,2024
284,Álex Remiro,es ESP,GK,30-046,33.0,866,1182,73.3,24609,17289,115,115,100.0,467,476,98.1,284,585,48.5,0,0.0,0.0,0.0,1,12,0,0,1,Matches,Real Sociedad,2024
285,Martín Zubimendi,es ESP,MF,26-096,29.9,1340,1610,83.2,23051,6783,620,708,87.6,590,671,87.9,106,166,63.9,1,1.0,1.1,0.0,17,154,21,1,177,Matches,Real Sociedad,2024
286,Sergio Gómez,es ESP,"MF,DF",24-247,28.2,1010,1354,74.6,16187,4269,560,624,89.7,316,404,78.2,99,220,45.0,5,8.4,6.8,-3.4,49,74,22,10,89,Matches,Real Sociedad,2024
287,Jon Aramburu,ve VEN,DF,22-290,24.7,1065,1363,78.1,15862,6633,569,636,89.5,413,534,77.3,46,115,40.0,1,1.1,1.3,-0.1,13,79,11,6,93,Matches,Real Sociedad,2024
288,Igor Zubeldia,es ESP,DF,28-040,22.7,1121,1316,85.2,22106,6908,336,374,89.8,681,727,93.7,97,186,52.2,0,0.4,0.5,-0.4,4,82,6,0,91,Matches,Real Sociedad,2024
289,Mikel Oyarzabal,es ESP,"FW,MF",28-018,22.3,332,455,73.0,4386,800,215,253,85.0,89,120,74.2,8,18,44.4,2,2.3,1.8,-0.3,13,19,10,3,27,Matches,Real Sociedad,2024
290,Takefusa Kubo,jp JPN,"MF,FW",23-339,22.9,588,822,71.5,8282,2524,366,429,85.3,149,216,69.0,39,81,48.1,0,3.9,3.1,-3.9,43,52,36,9,89,Matches,Real Sociedad,2024
291,Nayef Aguerd,ma MAR,DF,29-040,19.6,1213,1389,87.3,23636,8366,438,462,94.8,618,662,93.4,144,229,62.9,0,0.1,0.3,-0.1,5,87,3,1,75,Matches,Real Sociedad,2024
292,Javi López,es ESP,DF,23-045,19.5,733,934,78.5,11878,4384,397,436,91.1,274,361,75.9,51,89,57.3,0,0.4,1.0,-0.4,5,40,14,7,62,Matches,Real Sociedad,2024
293,Luka Sučić,hr CRO,MF,22-243,17.8,640,782,81.8,10096,2040,343,383,89.6,227,261,87.0,48,77,62.3,1,1.8,2.0,-0.8,22,47,12,2,72,Matches,Real Sociedad,2024
294,Brais Méndez,es ESP,MF,28-122,15.5,560,720,77.8,8469,2446,318,364,87.4,175,217,80.6,41,86,47.7,1,1.8,1.9,-0.8,20,62,11,2,81,Matches,Real Sociedad,2024
295,Aritz Elustondo,es ESP,DF,31-042,13.2,620,733,84.6,11704,4041,232,247,93.9,318,354,89.8,62,107,57.9,0,0.2,0.3,-0.2,4,50,2,0,45,Matches,Real Sociedad,2024
296,Ander Barrenetxea,es ESP,"MF,FW",23-133,12.3,335,469,71.4,5541,1269,185,221,83.7,98,138,71.0,40,62,64.5,3,1.8,2.2,1.2,15,22,19,3,44,Matches,Real Sociedad,2024
297,Sheraldo Becker,sr SUR,"FW,MF",30-089,11.1,200,313,63.9,3391,742,105,132,79.5,77,121,63.6,15,33,45.5,1,2.0,1.7,-1.0,8,6,17,5,23,Matches,Real Sociedad,2024
298,Aihen Muñoz,es ESP,DF,27-266,10.3,378,533,70.9,6030,2382,194,215,90.2,149,205,72.7,24,85,28.2,0,0.2,0.1,-0.2,2,32,1,1,31,Matches,Real Sociedad,2024
299,Pablo Marín,es ESP,MF,21-310,10.6,271,348,77.9,4336,764,126,157,80.3,118,143,82.5,18,28,64.3,2,0.8,0.7,1.2,12,22,8,2,32,Matches,Real Sociedad,2024
300,Beñat Turrientes,es ESP,MF,23-098,9.1,322,364,88.5,5535,1150,159,174,91.4,118,127,92.9,33,48,68.8,0,0.2,0.4,-0.2,3,31,2,1,36,Matches,Real Sociedad,2024
301,Orri Steinn Óskarsson,is ISL,FW,20-253,10.5,104,197,52.8,1158,178,72,113,63.7,22,38,57.9,0,6,0.0,0,0.2,0.5,-0.2,5,4,3,1,9,Matches,Real Sociedad,2024
302,Jon Pacheco,es ESP,DF,24-121,8.5,381,460,82.8,7449,2111,136,154,88.3,200,216,92.6,45,82,54.9,0,0.0,0.2,0.0,0,24,2,0,23,Matches,Real Sociedad,2024
303,Olasagasti,es ESP,MF,24-266,8.8,284,375,75.7,4473,854,150,181,82.9,104,129,80.6,20,38,52.6,1,0.8,0.7,0.2,6,30,8,0,36,Matches,Real Sociedad,2024
304,Hamari Traoré,ml MLI,DF,33-102,6.4,324,391,82.9,5622,1930,151,164,92.1,141,172,82.0,31,47,66.0,1,0.2,0.4,0.8,2,15,4,1,24,Matches,Real Sociedad,2024
305,Jon Martin,es ESP,DF,19-128,8.0,394,458,86.0,7806,2563,110,128,85.9,251,272,92.3,32,50,64.0,1,0.2,0.1,0.8,3,16,2,0,29,Matches,Real Sociedad,2024
306,Umar Sadiq,ng NGA,FW,28-096,2.5,25,48,52.1,349,77,17,28,60.7,6,10,60.0,1,2,50.0,0,0.2,0.1,-0.2,1,2,0,0,5,Matches,Real Sociedad,2024
307,Unai Marrero,es ESP,GK,23-212,1.0,22,30,73.3,591,369,4,4,100.0,10,11,90.9,8,14,57.1,0,0.0,0.0,0.0,0,0,0,0,0,Matches,Real Sociedad,2024
308,Arsen Zakharyan,ru RUS,"MF,FW",21-348,0.8,28,33,84.8,451,106,17,20,85.0,6,7,85.7,4,5,80.0,0,0.1,0.1,-0.1,1,3,1,0,3,Matches,Real Sociedad,2024
309,Urko González,es ESP,MF,24-050,0.5,10,17,58.8,171,61,7,11,63.6,1,3,33.3,2,2,100.0,0,0.0,0.0,0.0,0,0,0,0,1,Matches,Real Sociedad,2024
310,Arkaitz Mariezkurrena,es ESP,"MF,FW",20-034,1.2,25,40,62.5,361,75,17,23,73.9,6,8,75.0,1,3,33.3,0,0.0,0.0,0.0,1,1,2,0,3,Matches,Real Sociedad,2024
311,Álvaro Odriozola,es ESP,DF,29-146,0.5,22,30,73.3,344,111,11,12,91.7,6,12,50.0,3,4,75.0,0,0.0,0.0,0.0,0,4,1,1,3,Matches,Real Sociedad,2024
312,Daniel Díaz,es ESP,MF,18-321,0.1,1,3,33.3,20,0,0,0,,1,3,33.3,0,0,,0,0.0,0.0,0.0,0,0,0,0,0,Matches,Real Sociedad,2024
313,Luken Beitia,es ESP,DF,20-313,0.1,5,5,100.0,108,22,1,1,100.0,2,2,100.0,2,2,100.0,0,0.0,0.0,0.0,0,0,0,0,0,Matches,Real Sociedad,2024
314,Jon Magunazelaia,es ESP,MF,24-300,0.1,7,13,53.8,117,30,3,7,42.9,4,4,100.0,0,0,,0,0.0,0.1,0.0,0,0,0,0,1,Matches,Real Sociedad,2024
315,Cristhian Mosquera,es ESP,DF,20-316,32.9,1643,1798,91.4,29479,10194,658,696,94.5,854,901,94.8,118,165,71.5,0,0.0,0.2,0.0,0,107,1,0,109,Matches,Valencia,2024
316,Diego López,es ESP,"MF,FW",22-361,27.7,607,845,71.8,9404,2253,333,408,81.6,223,284,78.5,33,53,62.3,5,4.5,4.3,0.5,33,35,30,7,77,Matches,Valencia,2024
317,Giorgi Mamardashvili,ge GEO,GK,24-222,30.0,611,931,65.6,17683,13046,98,98,100.0,327,332,98.5,186,498,37.3,0,0.1,0.0,-0.1,2,9,1,0,0,Matches,Valencia,2024
318,César Tárrega,es ESP,DF,23-072,29.6,1187,1415,83.9,22708,7875,395,426,92.7,681,743,91.7,105,210,50.0,0,0.1,0.2,-0.1,3,74,1,0,71,Matches,Valencia,2024
319,Luis Rioja,es ESP,"MF,FW",31-205,28.6,733,1093,67.1,12178,3414,385,459,83.9,269,370,72.7,61,165,37.0,3,3.7,4.5,-0.7,31,40,51,22,88,Matches,Valencia,2024
320,Javier Guerra,es ESP,MF,22-128,25.9,887,1147,77.3,14972,4705,441,507,87.0,356,418,85.2,73,137,53.3,3,2.9,3.1,0.1,22,114,22,4,132,Matches,Valencia,2024
321,Dimitri Foulquier,fr FRA,DF,32-047,24.9,978,1241,78.8,15339,5720,538,575,93.6,383,485,79.0,46,114,40.4,1,1.4,2.0,-0.4,10,77,15,6,95,Matches,Valencia,2024
322,Hugo Duro,es ESP,FW,25-180,21.8,275,395,69.6,3844,478,155,199,77.9,93,127,73.2,10,20,50.0,2,1.2,0.5,0.8,13,18,3,0,28,Matches,Valencia,2024
323,Enzo Barrenechea,ar ARG,MF,23-352,21.2,999,1164,85.8,17286,4812,466,515,90.5,427,473,90.3,90,131,68.7,2,0.9,1.0,1.1,14,130,7,0,113,Matches,Valencia,2024
324,Domingos André Ribeiro Almeida,pt POR,"MF,FW",24-344,19.5,699,824,84.8,11327,3148,362,386,93.8,247,283,87.3,63,101,62.4,3,2.4,4.0,0.6,37,88,20,5,126,Matches,Valencia,2024
325,José Luis Gayà,es ESP,DF,29-349,17.3,671,864,77.7,11668,3591,315,351,89.7,287,343,83.7,62,132,47.0,1,2.5,3.1,-1.5,23,40,29,22,49,Matches,Valencia,2024
326,José Luis García Vayá,es ESP,MF,26-271,17.4,883,1133,77.9,16590,5614,382,425,89.9,361,433,83.4,120,226,53.1,2,2.1,2.5,-0.1,31,150,5,3,130,Matches,Valencia,2024
327,Yarek Gasiorowski,es ESP,DF,20-117,10.5,387,482,80.3,7508,2627,126,144,87.5,217,247,87.9,42,80,52.5,0,0.1,0.3,-0.1,3,43,3,1,38,Matches,Valencia,2024
328,Jesus Vazquez,es ESP,DF,22-127,9.1,305,399,76.4,4199,1203,190,210,90.5,103,133,77.4,7,25,28.0,0,0.6,0.6,-0.6,3,16,3,2,20,Matches,Valencia,2024
329,Thierry Correia,pt POR,DF,26-061,8.5,330,441,74.8,5750,2179,160,183,87.4,137,172,79.7,31,67,46.3,0,0.3,0.8,-0.3,5,23,12,3,44,Matches,Valencia,2024
330,Umar Sadiq,ng NGA,FW,28-096,7.5,107,150,71.3,1494,204,66,86,76.7,33,43,76.7,3,5,60.0,0,0.7,0.4,-0.7,6,3,0,0,7,Matches,Valencia,2024
331,Dani Gómez,es ESP,FW,26-283,5.9,62,83,74.7,741,120,44,50,88.0,15,23,65.2,0,0,,0,0.0,0.1,0.0,1,3,2,0,6,Matches,Valencia,2024
332,Rafa Mir,es ESP,"FW,MF",27-325,6.6,109,144,75.7,1666,289,59,70,84.3,35,44,79.5,9,12,75.0,2,0.7,0.4,1.3,2,11,3,1,16,Matches,Valencia,2024
333,Mouctar Diakhaby,gn GUI,DF,28-141,4.1,113,138,81.9,2125,902,45,50,90.0,57,61,93.4,10,23,43.5,0,0.0,0.0,0.0,1,4,2,0,9,Matches,Valencia,2024
334,Hugo Guillamón,es ESP,MF,25-098,4.0,154,188,81.9,2607,748,75,86,87.2,64,75,85.3,13,23,56.5,0,0.0,0.3,0.0,2,11,4,1,15,Matches,Valencia,2024
335,Stole Dimitrievski,mk MKD,GK,31-135,4.0,68,133,51.1,2105,1516,6,6,100.0,35,37,94.6,27,90,30.0,0,0.0,0.0,0.0,0,3,0,0,0,Matches,Valencia,2024
336,Francisco Perez,es ESP,"MF,FW",22-242,5.1,131,180,72.8,1971,383,85,94,90.4,31,47,66.0,11,20,55.0,0,2.4,1.5,-2.4,6,5,6,2,10,Matches,Valencia,2024
337,Sergi Canós,es ESP,"MF,FW",28-096,4.0,89,155,57.4,1455,409,50,62,80.6,31,51,60.8,6,23,26.1,1,0.2,0.2,0.8,4,9,3,3,9,Matches,Valencia,2024
338,Ivan Jaime Pajuelo,es ESP,MF,24-225,2.1,64,80,80.0,925,298,38,42,90.5,22,26,84.6,2,5,40.0,0,0.3,0.3,-0.3,3,4,6,1,11,Matches,Valencia,2024
339,Germán Valera,es ESP,MF,23-054,1.6,34,47,72.3,474,50,20,24,83.3,13,14,92.9,1,7,14.3,0,0.0,0.0,0.0,1,3,0,0,2,Matches,Valencia,2024
340,Max Aarons,eng ENG,"DF,MF",25-125,1.2,29,42,69.0,414,130,16,22,72.7,11,16,68.8,1,2,50.0,0,0.0,0.0,0.0,1,1,0,0,4,Matches,Valencia,2024
341,Maximiliano Caufriez,be BEL,DF,28-082,1.0,11,14,78.6,219,77,3,3,100.0,6,7,85.7,2,4,50.0,0,0.0,0.0,0.0,0,0,0,0,1,Matches,Valencia,2024
342,Rodrigo Abajas,es ESP,DF,21-362,0.7,17,29,58.6,268,110,11,14,78.6,4,7,57.1,2,7,28.6,0,0.0,0.0,0.0,0,0,0,0,2,Matches,Valencia,2024
343,Martín Tejón,es ESP,"MF,DF",21-027,0.5,20,26,76.9,328,95,10,12,83.3,8,10,80.0,1,2,50.0,0,0.0,0.0,0.0,1,2,0,0,4,Matches,Valencia,2024
344,Iker Córdoba,es ESP,DF,19-179,0.2,9,11,81.8,169,91,3,5,60.0,5,5,100.0,1,1,100.0,0,0.1,0.0,-0.1,1,1,1,1,1,Matches,Valencia,2024
345,David Otorbi,es ESP,MF,17-205,0.2,2,4,50.0,27,4,2,3,66.7,0,0,,0,1,0.0,0,0.0,0.0,0.0,0,0,0,0,0,Matches,Valencia,2024
346,Alberto Marí,es ESP,FW,23-302,0.1,2,4,50.0,33,7,1,1,100.0,1,1,100.0,0,1,0.0,0,0.0,0.0,0.0,0,0,0,0,1,Matches,Valencia,2024
347,David Soria,es ESP,GK,32-035,34.0,458,920,49.8,19679,17461,28,28,100.0,131,133,98.5,299,754,39.7,0,0.0,0.1,0.0,0,47,1,0,1,Matches,Getafe,2024
348,Omar Alderete,py PAR,DF,28-134,30.4,693,1048,66.1,16292,7547,181,221,81.9,352,445,79.1,157,343,45.8,0,0.9,0.9,-0.9,11,125,15,2,105,Matches,Getafe,2024
349,Djené,tg TOG,"DF,MF",33-129,27.3,671,889,75.5,12233,4949,283,346,81.8,306,377,81.2,74,138,53.6,0,0.6,0.8,-0.6,9,75,13,6,73,Matches,Getafe,2024
350,Luis Milla,es ESP,MF,30-214,28.9,1061,1431,74.1,19373,5866,472,535,88.2,420,519,80.9,141,310,45.5,4,3.7,4.6,0.3,66,141,23,8,147,Matches,Getafe,2024
351,Iglesias,es ESP,DF,26-310,28.3,630,1102,57.2,11998,6242,277,361,76.7,271,442,61.3,76,237,32.1,1,2.2,1.8,-1.2,20,76,23,14,77,Matches,Getafe,2024
352,Diego Rico,es ESP,DF,32-075,27.3,942,1383,68.1,16835,9391,436,506,86.2,412,582,70.8,85,223,38.1,3,2.2,2.8,0.8,30,104,38,24,119,Matches,Getafe,2024
353,Mauro Arambarri,uy URU,MF,29-221,26.9,552,747,73.9,9481,2246,256,319,80.3,226,282,80.1,55,106,51.9,0,0.6,0.6,-0.6,15,71,3,1,70,Matches,Getafe,2024
354,Chrisantus Uche,ng NGA,"FW,MF",21-355,24.8,351,536,65.5,4622,1113,224,299,74.9,94,144,65.3,10,28,35.7,5,2.0,2.4,3.0,25,32,14,3,43,Matches,Getafe,2024
355,Domingos Duarte,pt POR,DF,30-060,17.0,427,548,77.9,9468,3214,103,127,81.1,248,280,88.6,73,134,54.5,0,0.1,0.1,-0.1,2,39,0,0,43,Matches,Getafe,2024
356,Carles Pérez,es ESP,"MF,FW",27-082,15.9,226,336,67.3,3455,818,130,165,78.8,73,103,70.9,16,40,40.0,0,1.5,1.3,-1.5,17,17,14,8,20,Matches,Getafe,2024
357,Bertuğ Yıldırım,tr TUR,FW,22-301,11.6,96,177,54.2,1271,287,53,95,55.8,30,50,60.0,4,9,44.4,0,1.2,0.6,-1.2,8,9,9,3,14,Matches,Getafe,2024
358,Alex Sola,es ESP,"MF,FW",25-334,11.4,155,242,64.0,2177,529,100,125,80.0,39,59,66.1,9,29,31.0,1,0.7,0.8,0.3,9,12,2,1,23,Matches,Getafe,2024
359,Ramón Terrats,es ESP,"MF,FW",24-203,10.1,175,267,65.5,2842,865,94,113,83.2,60,84,71.4,15,52,28.8,0,1.7,0.6,-1.7,11,24,4,0,29,Matches,Getafe,2024
360,Coba da Costa,es ESP,"MF,FW",22-287,9.9,162,256,63.3,2354,575,90,126,71.4,50,75,66.7,11,26,42.3,1,1.4,1.4,-0.4,9,10,9,6,13,Matches,Getafe,2024
361,Juan Berrocal,es ESP,DF,26-005,10.6,251,335,74.9,5214,2068,68,76,89.5,151,182,83.0,29,69,42.0,0,0.0,0.1,0.0,1,17,1,0,23,Matches,Getafe,2024
362,Allan Nyom,cm CMR,"DF,MF",36-364,7.7,234,295,79.3,3711,1322,122,133,91.7,93,113,82.3,14,39,35.9,1,0.3,0.3,0.7,4,22,5,4,20,Matches,Getafe,2024
363,Juanmi,es ESP,"FW,MF",31-354,7.4,104,136,76.5,1507,254,64,78,82.1,27,32,84.4,8,10,80.0,0,0.3,0.2,-0.3,4,3,4,0,8,Matches,Getafe,2024
364,Juan Bernat,es ESP,"MF,DF",32-069,7.0,132,187,70.6,1727,479,88,106,83.0,32,45,71.1,4,9,44.4,1,0.6,0.4,0.4,6,10,7,3,12,Matches,Getafe,2024
365,Álvaro Rodríguez,uy URU,FW,20-299,7.9,96,193,49.7,1322,268,62,95,65.3,26,58,44.8,4,10,40.0,0,0.2,0.3,-0.2,3,14,2,1,10,Matches,Getafe,2024
366,Carles Aleñá,es ESP,"MF,FW",27-124,5.0,93,117,79.5,1504,299,45,55,81.8,38,44,86.4,6,11,54.5,0,0.1,0.1,-0.1,3,9,3,1,12,Matches,Getafe,2024
367,Borja Mayoral,es ESP,FW,28-034,9.3,153,197,77.7,2196,369,91,104,87.5,41,53,77.4,10,14,71.4,1,0.9,0.3,0.1,6,10,2,0,11,Matches,Getafe,2024
368,Jesús Santiago,es ESP,MF,20-349,3.6,77,110,70.0,1166,352,45,60,75.0,26,33,78.8,3,11,27.3,0,0.0,0.2,0.0,0,9,0,0,12,Matches,Getafe,2024
369,Nabil Aberdin,fr FRA,MF,22-259,2.9,36,61,59.0,680,267,12,20,60.0,12,19,63.2,8,13,61.5,0,0.0,0.1,0.0,1,7,2,0,6,Matches,Getafe,2024
370,Peter González,do DOM,"MF,FW",22-288,4.4,74,108,68.5,1064,311,39,49,79.6,27,39,69.2,3,7,42.9,0,0.1,0.3,-0.1,4,1,5,3,5,Matches,Getafe,2024
371,Abdoulaye Keita,es ESP,"FW,MF",22-250,1.1,15,27,55.6,257,66,8,11,72.7,6,6,100.0,1,6,16.7,0,0.0,0.1,0.0,0,3,1,1,2,Matches,Getafe,2024
372,Alberto Risco,es ESP,"MF,FW",19-252,0.8,25,34,73.5,340,98,15,18,83.3,6,8,75.0,2,4,50.0,0,0.1,0.2,-0.1,4,1,4,3,3,Matches,Getafe,2024
373,John Joe,ie IRL,"MF,FW",21-197,0.5,16,20,80.0,193,48,12,13,92.3,2,4,50.0,1,1,100.0,0,0.0,0.0,0.0,0,0,0,0,0,Matches,Getafe,2024
374,Gorka Rivera Alonso,es ESP,"DF,MF",20-281,0.2,5,11,45.5,94,27,1,2,50.0,4,7,57.1,0,2,0.0,0,0.0,0.0,0.0,0,1,0,0,1,Matches,Getafe,2024
375,Ismael Bekhoucha,ma MAR,"DF,MF",20-170,0.1,3,5,60.0,37,9,2,3,66.7,1,1,100.0,0,1,0.0,0,0.0,0.0,0.0,0,0,0,0,0,Matches,Getafe,2024
376,David Argüelles,es ESP,MF,23-128,0.1,3,5,60.0,25,2,3,4,75.0,0,0,,0,1,0.0,0,0.0,0.0,0.0,0,0,0,0,0,Matches,Getafe,2024
377,Joan García,es ESP,GK,24-005,34.0,793,1118,70.9,22475,17300,158,160,98.8,355,359,98.9,275,590,46.6,0,0.0,0.1,0.0,0,21,1,0,1,Matches,Espanyol,2024
378,Omar El Hilali,ma MAR,DF,21-239,32.1,1138,1436,79.2,21391,7991,444,500,88.8,555,655,84.7,125,234,53.4,2,0.8,1.3,1.2,8,76,11,6,82,Matches,Espanyol,2024
379,Marash Kumbulla,al ALB,DF,25-090,30.0,1074,1263,85.0,21053,7720,337,365,92.3,600,640,93.8,127,228,55.7,0,0.0,0.3,0.0,1,33,2,1,59,Matches,Espanyol,2024
380,Javi Puado,es ESP,"FW,MF",26-349,29.5,464,607,76.4,7132,1245,245,293,83.6,170,203,83.7,31,60,51.7,3,2.3,1.6,0.7,21,33,14,4,67,Matches,Espanyol,2024
381,Leandro Cabrera,uy URU,DF,33-326,29.0,1004,1331,75.4,20675,9424,335,386,86.8,521,600,86.8,138,306,45.1,2,0.9,0.7,1.1,9,82,14,2,64,Matches,Espanyol,2024
382,Alex Král,cz CZE,MF,26-355,29.2,585,816,71.7,9865,2581,284,357,79.6,238,292,81.5,50,101,49.5,1,1.5,1.6,-0.5,12,70,12,4,75,Matches,Espanyol,2024
383,Carlos Romero,es ESP,DF,23-192,24.4,606,840,72.1,10032,3660,298,362,82.3,254,318,79.9,44,109,40.4,1,1.3,1.6,-0.3,23,41,21,8,58,Matches,Espanyol,2024
384,Jofre,es ESP,"MF,FW",23-326,22.4,327,485,67.4,4970,1348,181,219,82.6,114,170,67.1,20,47,42.6,3,2.4,1.8,0.6,22,16,15,9,46,Matches,Espanyol,2024
385,Pol Lozano,es ESP,MF,25-215,19.8,641,763,84.0,11551,3980,265,296,89.5,295,340,86.8,65,91,71.4,1,0.8,1.0,0.2,17,89,11,4,108,Matches,Espanyol,2024
386,Roberto Férnandez,es ESP,FW,22-310,13.1,144,200,72.0,1649,253,93,113,82.3,31,50,62.0,2,2,100.0,0,0.2,0.2,-0.2,4,8,6,0,15,Matches,Espanyol,2024
387,Álvaro Tejero,es ESP,"MF,DF",28-293,13.2,408,572,71.3,7469,2794,174,195,89.2,175,215,81.4,48,121,39.7,4,2.7,3.2,1.3,30,25,18,11,42,Matches,Espanyol,2024
388,Urko González,es ESP,MF,24-050,11.5,245,315,77.8,4250,1349,108,133,81.2,106,125,84.8,24,35,68.6,1,0.6,0.6,0.4,7,24,4,0,44,Matches,Espanyol,2024
389,Brian Oliván,es ESP,DF,31-038,11.3,317,458,69.2,5671,2788,145,156,92.9,134,192,69.8,34,87,39.1,1,1.1,0.8,-0.1,15,44,12,9,40,Matches,Espanyol,2024
390,Antoniu,es ESP,"MF,FW",22-246,9.8,136,198,68.7,1916,580,79,94,84.0,45,64,70.3,4,14,28.6,1,1.1,1.0,-0.1,7,10,6,3,26,Matches,Espanyol,2024
391,Alejo Véliz,ar ARG,FW,21-232,11.2,112,169,66.3,1483,163,72,96,75.0,27,44,61.4,7,9,77.8,0,0.5,0.1,-0.5,2,8,0,0,7,Matches,Espanyol,2024
392,Edu Expósito,es ESP,MF,28-281,8.0,211,326,64.7,3828,1406,89,100,89.0,79,118,66.9,30,76,39.5,2,2.0,1.7,0.0,20,28,7,1,47,Matches,Espanyol,2024
393,José Gragera,es ESP,MF,24-160,6.3,190,217,87.6,3436,848,74,87,85.1,101,106,95.3,12,17,70.6,0,0.0,0.1,0.0,1,14,0,0,14,Matches,Espanyol,2024
394,Sergi Gómez,es ESP,DF,33-042,7.2,309,348,88.8,6063,1896,89,96,92.7,190,198,96.0,29,51,56.9,0,0.0,0.0,0.0,0,3,0,0,8,Matches,Espanyol,2024
395,Walid Cheddira,ma MAR,FW,27-107,6.8,68,95,71.6,956,232,37,48,77.1,24,30,80.0,2,5,40.0,1,1.2,0.4,-0.2,6,3,1,0,11,Matches,Espanyol,2024
396,Irvin Cardona,fr FRA,"FW,MF",27-274,6.7,100,161,62.1,1428,432,56,73,76.7,31,49,63.3,6,21,28.6,1,0.6,1.2,0.4,9,9,11,4,15,Matches,Espanyol,2024
397,Álvaro Aguado,es ESP,MF,29-008,4.8,188,242,77.7,3689,1170,60,77,77.9,97,114,85.1,28,40,70.0,1,0.6,0.4,0.4,4,31,8,3,36,Matches,Espanyol,2024
398,Fernando Calero,es ESP,"DF,MF",29-237,5.3,177,211,83.9,3605,1370,57,60,95.0,88,99,88.9,29,43,67.4,0,0.0,0.0,0.0,2,8,0,0,8,Matches,Espanyol,2024
399,Justin Smith,ca CAN,MF,22-094,2.3,40,61,65.6,654,165,16,25,64.0,20,26,76.9,2,6,33.3,0,0.0,0.0,0.0,1,3,0,0,6,Matches,Espanyol,2024
400,Rafael Bauza,es ESP,MF,20-099,2.0,46,54,85.2,779,192,24,25,96.0,17,20,85.0,4,7,57.1,0,0.0,0.0,0.0,0,3,1,0,7,Matches,Espanyol,2024
401,Pere Milla,es ESP,"MF,FW",32-228,3.5,65,118,55.1,1055,294,31,46,67.4,24,37,64.9,7,18,38.9,0,0.1,0.2,-0.1,2,5,2,0,6,Matches,Espanyol,2024
402,Naci Ünüvar,nl NED,"MF,DF",21-330,0.3,13,18,72.2,193,38,7,8,87.5,3,3,100.0,2,4,50.0,0,0.0,0.1,0.0,1,1,1,1,1,Matches,Espanyol,2024
403,Roger Hinojo,es ESP,DF,20-077,0.1,5,10,50.0,51,3,4,5,80.0,1,1,100.0,0,2,0.0,0,0.0,0.0,0.0,0,0,0,0,0,Matches,Espanyol,2024
404,Paulo Gazzaniga,ar ARG,GK,33-127,33.5,931,1158,80.4,22328,14841,222,223,99.6,515,527,97.7,193,400,48.3,0,0.0,0.0,0.0,0,11,0,0,0,Matches,Girona,2024
405,Miguel Gutiérrez,es ESP,"DF,MF",23-286,27.3,1241,1502,82.6,20464,4847,647,700,92.4,473,553,85.5,93,163,57.1,5,4.1,4.6,0.9,41,59,51,27,103,Matches,Girona,2024
406,Daley Blind,nl NED,DF,35-061,26.9,2087,2352,88.7,38463,13598,894,954,93.7,958,1039,92.2,221,303,72.9,2,1.6,2.3,0.4,17,276,22,6,242,Matches,Girona,2024
407,Arnau Martinez,es ESP,"DF,MF",22-014,25.7,1431,1665,85.9,22893,6269,726,781,93.0,605,684,88.5,79,134,59.0,2,1.8,1.5,0.2,17,138,12,3,146,Matches,Girona,2024
408,David López,es ESP,DF,35-212,25.0,1729,1884,91.8,32793,11442,554,584,94.9,1037,1079,96.1,128,198,64.6,0,0.1,0.6,-0.1,3,134,6,0,119,Matches,Girona,2024
409,Ladislav Krejčí,cz CZE,DF,26-019,24.1,1756,1947,90.2,31777,11087,659,693,95.1,966,1021,94.6,114,198,57.6,0,0.3,0.7,-0.3,8,139,11,2,132,Matches,Girona,2024
410,Yangel Herrera,ve VEN,MF,27-115,22.3,783,967,81.0,12806,3297,386,433,89.1,332,390,85.1,46,85,54.1,3,1.5,1.2,1.5,17,91,12,2,105,Matches,Girona,2024
411,Iván Martín,es ESP,MF,26-084,20.4,1160,1286,90.2,18215,3535,584,628,93.0,471,512,92.0,66,78,84.6,1,1.8,2.0,-0.8,21,95,14,3,118,Matches,Girona,2024
412,Bryan Gil,es ESP,"FW,MF",24-087,19.1,621,759,81.8,8853,1808,380,420,90.5,198,238,83.2,23,50,46.0,3,2.9,3.2,0.1,21,27,33,7,74,Matches,Girona,2024
413,Viktor Tsyhankov,ua UKR,"FW,MF",27-175,17.6,553,735,75.2,8361,2253,311,359,86.6,159,212,75.0,45,101,44.6,4,2.8,4.2,1.2,29,32,22,6,59,Matches,Girona,2024
414,Donny van de Beek,nl NED,MF,28-021,15.8,365,447,81.7,5265,1056,216,242,89.3,120,147,81.6,16,24,66.7,2,3.2,3.6,-1.2,18,21,11,0,45,Matches,Girona,2024
415,Oriol Romeu,es ESP,MF,33-227,13.8,737,818,90.1,12790,2801,324,349,92.8,343,367,93.5,60,77,77.9,0,0.3,0.7,-0.3,8,75,2,1,69,Matches,Girona,2024
416,Abel Ruiz,es ESP,FW,25-101,13.6,215,245,87.8,3252,425,124,135,91.9,75,79,94.9,14,21,66.7,0,0.4,0.7,-0.4,7,14,5,0,20,Matches,Girona,2024
417,Arnaut Danjuma,nl NED,"FW,MF",28-098,14.6,310,429,72.3,5308,1453,156,181,86.2,115,152,75.7,31,60,51.7,0,1.6,2.3,-1.6,21,17,24,8,41,Matches,Girona,2024
418,Yaser Asprilla,co COL,"FW,MF",21-171,12.6,393,543,72.4,7046,1921,185,213,86.9,153,197,77.7,49,95,51.6,0,2.0,2.8,-2.0,19,31,33,7,68,Matches,Girona,2024
419,Bojan Miovski,mk MKD,FW,25-319,9.5,82,109,75.2,1188,104,47,56,83.9,31,40,77.5,3,3,100.0,1,0.2,0.2,0.8,3,2,1,1,4,Matches,Girona,2024
420,Alejandro Francés,es ESP,DF,22-281,10.6,565,665,85.0,10531,3034,222,243,91.4,281,298,94.3,58,98,59.2,0,0.0,0.4,0.0,2,45,6,3,48,Matches,Girona,2024
421,Arthur Melo,br BRA,MF,28-270,7.3,490,524,93.5,9000,2020,183,193,94.8,254,265,95.8,45,52,86.5,0,0.2,0.5,-0.2,2,53,3,1,55,Matches,Girona,2024
422,Juanpe,es ESP,DF,34-009,6.8,440,505,87.1,9236,3033,116,125,92.8,264,279,94.6,58,92,63.0,0,0.1,0.1,-0.1,2,29,1,0,25,Matches,Girona,2024
423,Cristhian Stuani,uy URU,FW,38-209,9.2,82,116,70.7,1058,109,52,66,78.8,24,36,66.7,2,6,33.3,2,0.6,1.0,1.4,6,0,2,0,7,Matches,Girona,2024
424,Portu,es ESP,"FW,MF",32-353,6.2,134,190,70.5,1886,362,86,109,78.9,41,48,85.4,5,18,27.8,2,1.6,1.5,0.4,12,8,7,3,14,Matches,Girona,2024
425,Jhon Solis,co COL,MF,20-218,5.2,243,267,91.0,3699,853,129,134,96.3,103,114,90.4,7,11,63.6,0,0.1,0.3,-0.1,2,26,1,1,27,Matches,Girona,2024
426,Silvi Clúa,es ESP,MF,20-100,1.8,75,95,78.9,1302,271,31,37,83.8,36,42,85.7,5,8,62.5,0,0.0,0.0,0.0,1,3,0,0,3,Matches,Girona,2024
427,Gabriel Osei Misehouy,nl NED,"FW,MF",19-295,2.9,90,103,87.4,1327,247,50,53,94.3,39,41,95.1,0,8,0.0,0,0.3,0.3,-0.3,4,11,4,0,15,Matches,Girona,2024
428,Iker Almena,es ESP,"FW,DF",21-005,0.5,23,32,71.9,328,34,13,14,92.9,10,14,71.4,0,1,0.0,1,0.7,0.4,0.3,2,0,0,0,2,Matches,Girona,2024
429,Papa Ba,es ESP,MF,20-239,0.5,5,13,38.5,79,7,3,8,37.5,1,2,50.0,1,2,50.0,0,0.0,0.0,0.0,0,1,0,0,0,Matches,Girona,2024
430,Pau López,es ESP,GK,30-147,0.5,18,24,75.0,545,414,2,2,100.0,12,12,100.0,4,10,40.0,0,0.0,0.1,0.0,0,2,1,0,0,Matches,Girona,2024
431,Kim Minsu,kr KOR,"MF,FW",19-110,0.2,9,10,90.0,105,8,5,6,83.3,3,3,100.0,0,0,,0,0.0,0.0,0.0,0,0,0,0,0,Matches,Girona,2024
432,Ferrán Ruiz,es ESP,MF,22-013,0.2,3,6,50.0,39,15,2,3,66.7,1,3,33.3,0,0,,0,0.0,0.0,0.0,0,0,0,0,1,Matches,Girona,2024
433,Dodi Lukebakio,be BEL,FW,27-227,31.4,711,963,73.8,11284,2474,415,474,87.6,216,287,75.3,65,146,44.5,2,4.3,3.9,-2.3,51,44,23,6,82,Matches,Sevilla,2024
434,Carmona,es ESP,DF,23-100,30.0,1359,1684,80.7,22106,8279,670,761,88.0,590,700,84.3,68,141,48.2,0,1.5,0.7,-1.5,16,91,13,5,102,Matches,Sevilla,2024
435,Loïc Bade,fr FRA,DF,25-028,28.2,1502,1751,85.8,29927,11499,521,554,94.0,818,871,93.9,157,294,53.4,1,0.7,0.2,0.3,4,87,3,0,59,Matches,Sevilla,2024
436,Ørjan Nyland,no NOR,GK,34-241,26.7,584,913,64.0,15506,11616,146,147,99.3,270,278,97.1,167,482,34.6,0,0.3,0.1,-0.3,4,21,2,0,1,Matches,Sevilla,2024
437,Isaac Romero,es ESP,FW,24-356,23.4,297,424,70.0,4736,633,167,213,78.4,86,124,69.4,29,41,70.7,2,2.1,2.1,-0.1,19,17,10,3,25,Matches,Sevilla,2024
438,Adrià Pedrosa,es ESP,DF,26-361,23.5,805,1098,73.3,13722,4915,391,434,90.1,346,444,77.9,55,163,33.7,1,1.4,1.2,-0.4,16,61,16,9,73,Matches,Sevilla,2024
439,Nemanja Gudelj,rs SRB,"MF,DF",33-174,24.3,1055,1217,86.7,17872,5216,484,513,94.3,490,537,91.2,63,129,48.8,1,0.6,0.9,0.4,14,63,7,0,49,Matches,Sevilla,2024
440,Kike Salas,es ESP,DF,23-016,21.4,991,1263,78.5,18846,6730,380,422,90.0,516,597,86.4,90,221,40.7,2,0.6,0.8,1.4,6,64,3,1,54,Matches,Sevilla,2024
441,Djibril Sow,ch SUI,MF,28-092,20.7,802,903,88.8,12919,3223,404,442,91.4,332,360,92.2,49,65,75.4,1,1.6,0.9,-0.6,21,78,10,1,92,Matches,Sevilla,2024
442,Lucien Agoume,fr FRA,MF,23-089,19.5,823,1005,81.9,13016,4307,443,491,90.2,294,347,84.7,64,110,58.2,1,2.0,1.1,-1.0,17,97,10,1,100,Matches,Sevilla,2024
443,Saúl Ñíguez,es ESP,MF,30-169,16.2,484,618,78.3,8064,2205,236,273,86.4,205,243,84.4,30,61,49.2,6,2.4,2.2,3.6,21,48,8,2,62,Matches,Sevilla,2024
444,Albert Sambi Lokonga,be BEL,MF,25-199,15.6,770,861,89.4,12596,3721,397,422,94.1,305,333,91.6,53,81,65.4,2,0.9,0.8,1.1,18,78,7,0,86,Matches,Sevilla,2024
445,Juanlu Sánchez,es ESP,"MF,DF",21-267,15.5,426,523,81.5,6134,1638,253,281,90.0,164,190,86.3,5,18,27.8,4,2.5,1.5,1.5,22,40,11,5,49,Matches,Sevilla,2024
446,Peque,es ESP,"MF,FW",22-217,11.4,240,305,78.7,3545,792,142,167,85.0,72,90,80.0,16,23,69.6,1,1.2,0.9,-0.2,11,22,4,1,29,Matches,Sevilla,2024
447,Chidera Ejuke,ng NGA,FW,27-127,10.6,353,434,81.3,5650,1023,195,216,90.3,116,139,83.5,32,48,66.7,1,1.6,0.8,-0.6,17,16,18,3,37,Matches,Sevilla,2024
448,Ruben Vargas,ch SUI,"FW,MF",26-277,7.5,166,247,67.2,2714,696,94,113,83.2,51,74,68.9,16,39,41.0,1,0.8,0.9,0.2,13,11,9,5,14,Matches,Sevilla,2024
449,Álvaro Fernández,es ESP,GK,27-026,7.3,185,293,63.1,4960,3505,44,44,100.0,92,93,98.9,49,155,31.6,0,0.1,0.0,-0.1,1,6,0,0,0,Matches,Sevilla,2024
450,Tanguy Nianzou,fr FRA,DF,22-336,5.8,285,314,90.8,4654,1465,131,139,94.2,143,155,92.3,7,15,46.7,0,0.0,0.0,0.0,0,6,0,0,10,Matches,Sevilla,2024
451,Marcão,br BRA,DF,28-338,5.1,230,261,88.1,3967,1586,105,108,97.2,109,119,91.6,15,27,55.6,0,0.0,0.0,0.0,0,12,0,0,17,Matches,Sevilla,2024
452,Kelechi Iheanacho,ng NGA,FW,28-218,4.4,60,80,75.0,831,125,36,44,81.8,15,25,60.0,4,5,80.0,0,0.3,0.2,-0.3,5,1,1,0,5,Matches,Sevilla,2024
453,Jesús Navas,es ESP,"FW,MF",39-169,4.7,203,262,77.5,3443,816,105,117,89.7,71,88,80.7,22,38,57.9,0,0.5,0.6,-0.5,10,16,6,5,23,Matches,Sevilla,2024
454,Valentín Barco,ar ARG,"DF,FW",20-290,3.2,139,191,72.8,2139,895,77,88,87.5,38,53,71.7,13,30,43.3,0,0.6,0.3,-0.6,6,12,3,0,13,Matches,Sevilla,2024
455,Stanis Idumbo,be BEL,"FW,MF",19-314,3.2,63,76,82.9,1003,217,34,39,87.2,24,26,92.3,5,8,62.5,1,0.7,0.1,0.3,6,2,1,0,8,Matches,Sevilla,2024
456,Lucas Ocampos,ar ARG,FW,30-302,1.9,65,91,71.4,1020,296,36,45,80.0,19,23,82.6,6,11,54.5,1,0.3,0.1,0.7,3,8,2,1,7,Matches,Sevilla,2024
457,Suso,es ESP,"FW,MF",31-171,3.5,159,213,74.6,2686,978,77,85,90.6,58,68,85.3,17,42,40.5,1,0.6,0.7,0.4,14,25,8,1,31,Matches,Sevilla,2024
458,Álvaro Pascual,es ESP,FW,23-128,2.2,9,13,69.2,174,41,2,3,66.7,6,7,85.7,1,1,100.0,0,0.0,0.0,0.0,0,2,0,0,0,Matches,Sevilla,2024
459,Akor Adams,ng NGA,FW,25-100,1.5,20,27,74.1,334,48,9,12,75.0,7,9,77.8,3,5,60.0,0,0.0,0.0,0.0,0,3,1,0,5,Matches,Sevilla,2024
460,Manu Bueno,es ESP,"MF,FW",20-286,1.3,51,57,89.5,846,94,24,26,92.3,20,22,90.9,4,5,80.0,0,0.0,0.0,0.0,0,4,1,0,3,Matches,Sevilla,2024
461,Gonzalo Montiel,ar ARG,"DF,MF",28-128,1.3,68,78,87.2,1288,364,29,30,96.7,33,37,89.2,6,10,60.0,0,0.0,0.1,0.0,0,8,1,1,2,Matches,Sevilla,2024
462,Ramón Martínez,es ESP,DF,22-199,1.1,44,49,89.8,971,246,11,11,100.0,23,26,88.5,10,11,90.9,0,0.0,0.0,0.0,0,4,0,0,2,Matches,Sevilla,2024
463,Diego Iturralde,es ESP,FW,22-023,0.4,5,7,71.4,53,0,4,4,100.0,1,2,50.0,0,0,,0,0.0,0.0,0.0,0,0,0,0,0,Matches,Sevilla,2024
464,Israel Domínguez,es ESP,FW,22-002,0.2,2,2,100.0,24,0,1,1,100.0,1,1,100.0,0,0,,0,0.0,0.0,0.0,0,0,0,0,0,Matches,Sevilla,2024
465,Leandro Antonetti,pr PUR,FW,22-116,0.1,1,1,100.0,10,6,1,1,100.0,0,0,,0,0,,0,0.0,0.0,0.0,1,0,0,0,0,Matches,Sevilla,2024
466,Mateo Mejía,es ESP,FW,22-039,0.1,0,1,0.0,0,0,0,1,0.0,0,0,,0,0,,0,0.0,0.0,0.0,0,0,0,0,0,Matches,Sevilla,2024
467,Darío Fuentes,es ESP,DF,22-117,0.1,0,2,0.0,0,0,0,0,,0,2,0.0,0,0,,0,0.0,0.0,0.0,0,0,0,0,0,Matches,Sevilla,2024
468,Carlos Vicente,es ESP,"FW,MF",26-016,30.4,630,991,63.6,10683,3653,335,426,78.6,215,316,68.0,69,159,43.4,5,5.1,5.3,-0.1,57,34,34,28,62,Matches,Alaves,2024
469,Nahuel Tenaglia,ar ARG,DF,29-077,29.3,918,1257,73.0,16009,7351,413,482,85.7,428,558,76.7,66,155,42.6,1,1.5,1.3,-0.5,18,80,19,9,94,Matches,Alaves,2024
470,Abdel Abqar,ma MAR,DF,26-060,27.4,719,939,76.6,16039,5771,180,194,92.8,421,460,91.5,114,258,44.2,1,0.3,0.4,0.7,8,67,10,2,79,Matches,Alaves,2024
471,Antonio Sivera,es ESP,GK,28-271,27.2,469,844,55.6,19452,17273,36,36,100.0,145,147,98.6,286,656,43.6,0,0.1,0.1,-0.1,1,35,1,0,1,Matches,Alaves,2024
472,Antonio Blanco,es ESP,MF,24-290,26.6,896,1127,79.5,16640,6006,370,440,84.1,407,469,86.8,102,164,62.2,1,1.5,1.8,-0.5,13,127,19,9,130,Matches,Alaves,2024
473,Kiké,es ESP,FW,35-165,25.6,348,529,65.8,4835,840,206,272,75.7,99,153,64.7,19,43,44.2,0,0.9,1.5,-0.9,13,27,6,1,45,Matches,Alaves,2024
474,Manu Sánchez,es ESP,DF,24-258,25.5,715,995,71.9,11406,4394,375,435,86.2,287,374,76.7,40,118,33.9,0,0.7,1.2,-0.7,13,49,20,12,73,Matches,Alaves,2024
475,Jon Guridi,es ESP,"MF,FW",30-070,20.0,488,652,74.8,7457,1866,260,334,77.8,177,221,80.1,32,48,66.7,1,1.1,0.8,-0.1,16,48,9,2,74,Matches,Alaves,2024
476,Moussa Diarra,ml MLI,DF,24-180,19.7,641,800,80.1,11607,5087,264,294,89.8,321,373,86.1,49,101,48.5,0,0.1,0.4,-0.1,3,43,8,3,69,Matches,Alaves,2024
477,Ander Guevara,es ESP,MF,27-306,18.6,665,860,77.3,11795,3599,276,329,83.9,318,387,82.2,58,95,61.1,1,0.5,0.5,0.5,9,87,8,0,103,Matches,Alaves,2024
478,Santiago Mouriño,uy URU,DF,23-085,17.5,462,592,78.0,8492,3640,188,218,86.2,220,261,84.3,49,95,51.6,1,0.8,0.6,0.2,6,40,5,2,41,Matches,Alaves,2024
479,Carlos Martín,es ESP,"FW,MF",23-017,14.5,255,389,65.6,3681,885,138,191,72.3,94,125,75.2,11,33,33.3,2,2.7,1.4,-0.7,12,15,7,4,20,Matches,Alaves,2024
480,Joan Jordán,es ESP,MF,30-307,15.1,670,893,75.0,12708,3972,298,340,87.6,258,319,80.9,97,191,50.8,2,2.3,2.4,-0.3,29,102,13,4,101,Matches,Alaves,2024
481,Tomás Conechny,ar ARG,"FW,MF",27-040,8.8,198,308,64.3,3102,985,108,150,72.0,75,108,69.4,10,28,35.7,0,0.3,0.8,-0.3,7,12,11,8,19,Matches,Alaves,2024
482,Carles Aleñá,es ESP,"MF,FW",27-124,8.5,272,359,75.8,4070,1061,152,170,89.4,90,118,76.3,19,36,52.8,2,0.7,0.8,1.3,11,28,7,2,46,Matches,Alaves,2024
483,Toni Martínez,es ESP,"FW,MF",27-313,10.1,128,216,59.3,1552,277,87,119,73.1,31,62,50.0,3,8,37.5,0,0.6,0.9,-0.6,11,11,4,1,11,Matches,Alaves,2024
484,Stoichkov,es ESP,"MF,FW",31-185,7.8,132,214,61.7,2161,697,61,82,74.4,50,73,68.5,14,33,42.4,1,1.2,0.7,-0.2,7,16,10,1,26,Matches,Alaves,2024
485,Aleksandar Sedlar,rs SRB,DF,33-147,5.7,170,208,81.7,3465,1294,50,56,89.3,92,110,83.6,26,37,70.3,0,0.0,0.0,0.0,0,13,0,0,12,Matches,Alaves,2024
486,Jesús Owono,gq EQG,GK,24-069,5.4,99,163,60.7,3878,3470,10,10,100.0,36,36,100.0,53,115,46.1,0,0.0,0.0,0.0,0,5,0,0,0,Matches,Alaves,2024
487,Pica,es ESP,DF,23-128,5.4,152,198,76.8,3075,1318,46,58,79.3,83,95,87.4,23,41,56.1,0,0.0,0.0,0.0,1,13,1,0,15,Matches,Alaves,2024
488,Carlos Benavídez,uy URU,MF,27-040,4.4,127,180,70.6,2424,734,54,66,81.8,52,66,78.8,18,38,47.4,1,0.6,0.3,0.4,3,19,3,0,22,Matches,Alaves,2024
489,Abderrahman Rebbach,dz ALG,"FW,MF",26-271,4.3,74,118,62.7,1234,255,41,58,70.7,24,35,68.6,8,17,47.1,0,0.3,0.4,-0.3,6,2,5,3,5,Matches,Alaves,2024
490,Facundo Garcés,ar ARG,DF,25-246,3.5,65,85,76.5,1381,611,15,16,93.8,39,50,78.0,11,17,64.7,0,0.2,0.0,-0.2,2,4,1,0,4,Matches,Alaves,2024
491,Asier Villalibre,es ESP,FW,27-221,3.5,42,65,64.6,622,143,27,36,75.0,12,22,54.5,3,4,75.0,1,1.0,0.3,0.0,1,3,4,0,7,Matches,Alaves,2024
492,Hugo Novoa,es ESP,"DF,MF",22-128,2.6,53,69,76.8,798,261,35,43,81.4,12,16,75.0,4,4,100.0,0,0.2,0.2,-0.2,2,0,2,2,2,Matches,Alaves,2024
493,Luka Romero,ar ARG,"FW,MF",20-172,2.2,34,49,69.4,515,110,18,24,75.0,14,14,100.0,1,8,12.5,0,0.2,0.4,-0.2,4,0,1,1,0,Matches,Alaves,2024
494,Pau Cabanes,es ESP,"MF,FW",20-081,2.0,57,81,70.4,705,87,34,41,82.9,19,28,67.9,0,4,0.0,0,0.0,0.1,0.0,1,2,1,0,4,Matches,Alaves,2024
495,Adrian Rodriguez,es ESP,GK,24-148,1.4,19,50,38.0,1160,1084,1,1,100.0,0,0,,18,48,37.5,0,0.0,0.0,0.0,0,1,0,0,0,Matches,Alaves,2024
496,Luis Rioja,es ESP,FW,31-205,0.3,5,11,45.5,70,27,3,4,75.0,2,5,40.0,0,1,0.0,0,0.1,0.1,-0.1,1,0,0,0,1,Matches,Alaves,2024
497,Alberto Moleiro,es ESP,"FW,MF",21-221,27.4,766,938,81.7,10892,2512,466,529,88.1,244,291,83.8,32,56,57.1,1,3.0,3.2,-2.0,37,70,27,4,108,Matches,Las Palmas,2024
498,Álex Suárez,es ESP,DF,32-052,25.8,1119,1296,86.3,20879,7666,396,416,95.2,622,675,92.1,84,167,50.3,0,0.1,0.2,-0.1,3,49,3,0,51,Matches,Las Palmas,2024
499,Javier Muñoz,es ESP,"MF,DF",30-070,27.8,890,1141,78.0,15416,4498,428,494,86.6,338,418,80.9,95,162,58.6,3,2.5,2.3,0.5,29,109,32,13,105,Matches,Las Palmas,2024
500,Jasper Cillessen,nl NED,GK,36-017,25.9,683,1002,68.2,18003,13417,147,149,98.7,340,347,98.0,194,501,38.7,0,0.0,0.0,0.0,0,15,0,0,0,Matches,Las Palmas,2024
501,Scott McKenna,sct SCO,DF,28-178,25.4,1165,1344,86.7,21442,7071,407,440,92.5,665,730,91.1,78,142,54.9,0,0.7,0.4,-0.7,3,47,1,0,41,Matches,Las Palmas,2024
502,Mika Mármol,es ESP,DF,23-312,23.7,1004,1320,76.1,18235,8080,438,491,89.2,437,526,83.1,113,251,45.0,1,1.3,1.9,-0.3,12,105,13,7,93,Matches,Las Palmas,2024
503,Sandro Ramírez,es ESP,"FW,MF",29-304,21.4,412,640,64.4,6905,2183,196,257,76.3,162,220,73.6,38,100,38.0,3,3.3,3.2,-0.3,26,30,9,3,47,Matches,Las Palmas,2024
504,Fábio Silva,pt POR,FW,22-294,20.7,309,466,66.3,4149,710,181,250,72.4,83,125,66.4,16,29,55.2,3,2.0,1.8,1.0,16,13,14,3,26,Matches,Las Palmas,2024
505,Dario Essugo,pt POR,MF,20-056,18.9,701,829,84.6,12052,3273,322,365,88.2,304,344,88.4,62,88,70.5,0,0.3,0.6,-0.3,11,68,8,0,65,Matches,Las Palmas,2024
506,Kirian Rodríguez,es ESP,MF,29-065,19.5,1026,1204,85.2,16191,4876,546,597,91.5,379,429,88.3,75,120,62.5,3,1.5,1.4,1.5,16,106,14,1,128,Matches,Las Palmas,2024
507,Viti,es ESP,DF,27-235,19.5,666,827,80.5,10897,3767,320,352,90.9,294,365,80.5,39,71,54.9,2,1.3,1.2,0.7,11,37,12,7,43,Matches,Las Palmas,2024
508,Oliver McBurnie,sct SCO,FW,28-339,17.4,253,381,66.4,3135,738,169,233,72.5,58,93,62.4,6,8,75.0,6,2.6,1.0,3.4,22,23,7,1,26,Matches,Las Palmas,2024
509,Álex Muñoz,es ESP,DF,30-283,15.2,590,741,79.6,9450,3364,288,324,88.9,270,335,80.6,26,54,48.1,0,0.5,0.7,-0.5,7,34,9,8,45,Matches,Las Palmas,2024
510,José Campaña,es ESP,MF,31-343,12.2,642,759,84.6,11225,3883,291,319,91.2,259,296,87.5,70,105,66.7,3,0.8,0.9,2.2,11,65,12,4,77,Matches,Las Palmas,2024
511,Juan Herzog,es ESP,DF,21-361,10.7,392,458,85.6,7462,2373,128,143,89.5,222,241,92.1,36,59,61.0,0,0.0,0.0,0.0,0,13,0,0,19,Matches,Las Palmas,2024
512,Stefan Bajcetic,es ESP,"MF,DF",20-199,9.3,268,372,72.0,5347,1476,104,128,81.3,116,141,82.3,44,82,53.7,0,0.2,0.3,-0.2,6,26,7,0,35,Matches,Las Palmas,2024
513,Marvin,es ESP,"DF,FW",24-310,9.1,279,386,72.3,4752,1333,134,153,87.6,110,149,73.8,26,49,53.1,0,1.1,1.1,-1.1,6,22,13,10,22,Matches,Las Palmas,2024
514,Dinko Horkaš,hr CRO,GK,26-060,8.1,272,354,76.8,7400,5337,49,49,100.0,144,147,98.0,78,154,50.6,0,0.0,0.0,0.0,0,6,0,0,0,Matches,Las Palmas,2024
515,Manuel Fuster,es ESP,"FW,MF",27-199,8.8,363,472,76.9,5960,1702,192,214,89.7,115,148,77.7,41,76,53.9,1,1.6,1.6,-0.6,23,43,22,5,56,Matches,Las Palmas,2024
516,Enzo Loiodice,fr FRA,MF,24-163,5.6,266,317,83.9,4467,1005,131,149,87.9,108,126,85.7,20,28,71.4,0,0.1,0.1,-0.1,3,22,1,0,20,Matches,Las Palmas,2024
517,Jaime Mata,es ESP,FW,36-197,5.9,99,149,66.4,1429,234,58,79,73.4,31,42,73.8,5,11,45.5,0,0.1,0.3,-0.1,3,7,3,1,9,Matches,Las Palmas,2024
518,Adnan Januzaj,be BEL,"MF,FW",30-093,4.5,171,250,68.4,3389,1140,69,80,86.3,75,97,77.3,27,60,45.0,1,0.8,1.3,0.2,11,22,10,4,32,Matches,Las Palmas,2024
519,Andy Pelmard,fr FRA,DF,25-058,2.3,98,115,85.2,1674,470,50,52,96.2,41,46,89.1,6,13,46.2,0,0.0,0.1,0.0,1,9,4,0,13,Matches,Las Palmas,2024
520,Benito Ramírez,es ESP,"DF,MF",29-302,4.3,214,268,79.9,3351,879,119,127,93.7,77,88,87.5,14,33,42.4,0,0.8,0.8,-0.8,10,8,8,6,13,Matches,Las Palmas,2024
521,Daley Sinkgraven,nl NED,DF,29-309,1.0,50,66,75.8,682,211,31,31,100.0,17,25,68.0,1,7,14.3,0,0.0,0.0,0.0,1,2,1,0,3,Matches,Las Palmas,2024
522,Marc Cardona,es ESP,"FW,DF",29-305,1.2,35,43,81.4,506,79,18,21,85.7,12,14,85.7,2,3,66.7,0,0.0,0.1,0.0,0,4,0,0,3,Matches,Las Palmas,2024
523,Fabio González,es ESP,MF,28-086,0.6,43,53,81.1,756,181,20,24,83.3,18,20,90.0,4,5,80.0,0,0.0,0.0,0.0,0,5,0,0,6,Matches,Las Palmas,2024
524,Pejiño,es ESP,FW,28-284,0.2,6,7,85.7,87,22,3,3,100.0,3,4,75.0,0,0,,0,0.0,0.0,0.0,0,0,1,0,1,Matches,Las Palmas,2024
525,Valentín Pezzolesi,es ESP,DF,18-023,0.1,2,5,40.0,45,4,0,2,0.0,2,3,66.7,0,0,,0,0.0,0.0,0.0,0,0,0,0,0,Matches,Las Palmas,2024
526,Aboubacar Bassinga,ci CIV,MF,19-300,0.0,2,4,50.0,53,0,1,1,100.0,0,0,,1,3,33.3,0,0.0,0.0,0.0,0,0,0,0,0,Matches,Las Palmas,2024
527,Sergi,es ESP,DF,33-019,31.4,1211,1455,83.2,23978,9423,382,412,92.7,668,725,92.1,151,283,53.4,0,0.4,0.5,-0.4,5,56,5,0,76,Matches,Leganes,2024
528,Marko Dmitrović,rs SRB,GK,33-105,28.0,400,937,42.7,15036,12692,49,49,100.0,145,147,98.6,206,734,28.1,0,0.2,0.1,-0.2,1,24,0,0,1,Matches,Leganes,2024
529,Seydouba Cissé,gn GUI,MF,24-088,23.2,822,976,84.2,13618,2807,385,428,90.0,338,384,88.0,69,107,64.5,0,0.3,0.6,-0.3,10,67,12,0,91,Matches,Leganes,2024
530,Valentin Rosier,fr FRA,DF,28-263,27.1,881,1125,78.3,13586,5265,484,529,91.5,323,405,79.8,47,117,40.2,2,1.1,1.2,0.9,11,62,17,4,68,Matches,Leganes,2024
531,Yvan Neyou,cm CMR,MF,28-126,24.1,879,1030,85.3,13704,3604,466,514,90.7,324,368,88.0,57,84,67.9,1,0.5,1.0,0.5,11,80,9,1,90,Matches,Leganes,2024
532,Javi Hernández,es ESP,DF,27-007,23.5,673,903,74.5,10464,3850,369,432,85.4,251,314,79.9,35,108,32.4,1,1.3,1.2,-0.3,15,44,9,4,62,Matches,Leganes,2024
533,Renato Tapia,pe PER,"MF,DF",29-285,23.2,681,882,77.2,12087,3904,328,379,86.5,272,320,85.0,70,134,52.2,0,0.4,0.7,-0.4,7,61,8,0,62,Matches,Leganes,2024
534,Juan Cruz,es ESP,"FW,MF",25-014,23.1,453,669,67.7,7141,2755,246,302,81.5,158,223,70.9,36,96,37.5,3,3.3,3.2,-0.3,21,29,29,13,59,Matches,Leganes,2024
535,Matija Nastasić,rs SRB,DF,32-042,22.6,687,833,82.5,13873,4704,199,221,90.0,411,454,90.5,70,142,49.3,0,0.1,0.4,-0.1,2,35,1,0,58,Matches,Leganes,2024
536,Dani Raba,es ESP,"FW,MF",29-192,18.1,349,537,65.0,6076,2044,159,194,82.0,135,192,70.3,42,111,37.8,4,3.6,3.2,0.4,36,38,19,2,59,Matches,Leganes,2024
537,Miguel,es ESP,FW,25-248,18.6,128,224,57.1,1821,368,71,108,65.7,42,67,62.7,5,14,35.7,3,1.4,0.8,1.6,7,9,5,1,16,Matches,Leganes,2024
538,Darko Brašanac,rs SRB,MF,33-086,17.3,351,472,74.4,4923,1224,202,234,86.3,116,159,73.0,14,32,43.8,2,0.4,0.5,1.6,8,24,2,0,42,Matches,Leganes,2024
539,Jorge Sáenz,es ESP,DF,28-173,14.8,589,706,83.4,11819,4477,194,205,94.6,329,356,92.4,61,132,46.2,0,0.1,0.2,-0.1,2,23,1,0,26,Matches,Leganes,2024
540,Adrià Altimira,es ESP,"DF,FW",24-042,14.1,361,461,78.3,5729,1662,197,228,86.4,132,168,78.6,26,46,56.5,0,0.2,0.5,-0.2,5,29,8,1,38,Matches,Leganes,2024
541,Óscar Rodríguez Arnaiz,es ESP,"MF,FW",26-315,13.9,372,515,72.2,6521,2018,177,207,85.5,131,178,73.6,49,91,53.8,4,2.0,1.5,2.0,17,28,21,7,59,Matches,Leganes,2024
542,Diego,es ESP,"FW,MF",25-021,10.3,101,149,67.8,1497,293,50,64,78.1,38,60,63.3,6,9,66.7,0,0.2,0.2,-0.2,5,7,3,1,14,Matches,Leganes,2024
543,Munir El Haddadi,ma MAR,"FW,MF",29-250,7.4,131,190,68.9,1685,431,86,104,82.7,40,59,67.8,1,10,10.0,0,0.7,0.4,-0.7,5,11,4,1,19,Matches,Leganes,2024
544,Enric Franquesa,es ESP,"DF,FW",28-072,6.8,158,225,70.2,2513,1004,71,88,80.7,69,93,74.2,11,26,42.3,0,0.1,0.1,-0.1,2,5,2,2,12,Matches,Leganes,2024
545,Juan Soriano,es ESP,GK,27-259,6.0,98,185,53.0,3513,2922,17,17,100.0,35,35,100.0,46,133,34.6,0,0.0,0.0,0.0,0,0,0,0,0,Matches,Leganes,2024
546,Sébastien Haller,ci CIV,FW,30-321,4.5,54,90,60.0,648,93,35,50,70.0,13,24,54.2,2,4,50.0,0,0.2,0.2,-0.2,1,4,0,0,4,Matches,Leganes,2024
547,Roberto López,es ESP,MF,25-015,4.4,152,208,73.1,2443,735,81,97,83.5,43,51,84.3,18,39,46.2,1,0.9,0.5,0.1,10,22,2,1,20,Matches,Leganes,2024
548,Yan Diomandé,ci CIV,"FW,MF",18-176,2.6,49,64,76.6,685,207,22,27,81.5,23,26,88.5,0,4,0.0,0,0.2,0.2,-0.2,3,2,1,0,7,Matches,Leganes,2024
549,Julián Chicco,ar ARG,"MF,DF",27-116,3.3,110,139,79.1,1844,630,48,55,87.3,50,57,87.7,8,17,47.1,1,0.2,0.3,0.8,2,10,2,0,16,Matches,Leganes,2024
550,Aritz Arambarri,es ESP,DF,27-098,2.0,49,67,73.1,1025,258,11,13,84.6,34,41,82.9,4,12,33.3,0,0.0,0.0,0.0,0,1,0,0,2,Matches,Leganes,2024
551,Duk,cv CPV,"MF,FW",25-082,1.6,26,41,63.4,387,126,16,19,84.2,9,13,69.2,0,2,0.0,0,0.6,0.4,-0.6,4,0,2,1,3,Matches,Leganes,2024
552,Borna Barišić,hr CRO,DF,32-180,0.1,3,4,75.0,48,2,1,1,100.0,2,2,100.0,0,0,,0,0.0,0.0,0.0,0,0,0,0,0,Matches,Leganes,2024
553,Karl Jakob Hein,ee EST,GK,23-026,28.0,785,1071,73.3,22809,16083,114,114,100.0,437,441,99.1,234,514,45.5,0,0.0,0.1,0.0,0,21,0,0,0,Matches,Valladolid,2024
554,Luis Pérez,es ESP,DF,30-094,26.9,856,1137,75.3,15269,5655,387,440,88.0,350,464,75.4,108,183,59.0,0,1.9,2.4,-1.9,25,57,31,28,83,Matches,Valladolid,2024
555,Javi Sánchez,es ESP,DF,28-056,22.5,1015,1163,87.3,20366,7564,316,332,95.2,582,612,95.1,112,196,57.1,0,0.3,0.4,-0.3,6,42,1,0,34,Matches,Valladolid,2024
556,Raúl Moro,es ESP,"MF,FW",22-155,22.2,438,669,65.5,8627,2652,193,246,78.5,149,210,71.0,87,159,54.7,4,5.0,4.5,-1.0,41,37,34,20,70,Matches,Valladolid,2024
557,Lucas Oliveira Rosa,br BRA,DF,25-036,21.0,637,833,76.5,10312,3479,331,372,89.0,252,318,79.2,42,92,45.7,1,2.0,1.5,-1.0,13,34,6,4,50,Matches,Valladolid,2024
558,Stanko Jurić,hr CRO,MF,28-266,19.2,636,755,84.2,10454,2996,300,341,88.0,287,320,89.7,35,61,57.4,0,0.5,0.3,-0.5,4,40,4,0,57,Matches,Valladolid,2024
559,Mario Martín,es ESP,MF,21-065,17.9,625,736,84.9,11037,2776,257,294,87.4,294,321,91.6,52,77,67.5,1,1.4,1.2,-0.4,11,51,3,1,62,Matches,Valladolid,2024
560,Eray Cömert,ch SUI,"DF,MF",27-094,16.9,680,780,87.2,13940,4535,191,218,87.6,409,432,94.7,73,114,64.0,0,0.0,0.1,0.0,0,44,1,0,42,Matches,Valladolid,2024
561,Anuar,ma MAR,"MF,FW",30-114,16.6,324,406,79.8,4823,783,167,196,85.2,132,160,82.5,12,25,48.0,0,0.5,0.5,-0.5,6,10,3,2,22,Matches,Valladolid,2024
562,Mamadou Sylla,sn SEN,"FW,MF",31-050,16.5,162,259,62.5,2467,388,93,125,74.4,54,87,62.1,9,14,64.3,1,1.7,0.6,-0.7,14,11,5,0,20,Matches,Valladolid,2024
563,Selim Amallah,ma MAR,MF,28-175,14.0,295,376,78.5,5096,1482,155,170,91.2,89,106,84.0,41,70,58.6,1,0.8,1.1,0.2,11,39,8,0,48,Matches,Valladolid,2024
564,David Torres,es ESP,DF,22-065,15.4,589,714,82.5,11231,4594,193,205,94.1,335,373,89.8,59,115,51.3,0,0.0,0.1,0.0,1,27,1,1,37,Matches,Valladolid,2024
565,Kike Pérez,es ESP,MF,28-084,13.2,440,564,78.0,8065,2480,183,220,83.2,191,217,88.0,49,92,53.3,0,1.0,1.1,-1.0,17,47,5,0,67,Matches,Valladolid,2024
566,Marcos André,br BRA,FW,28-201,13.1,138,210,65.7,2358,395,79,103,76.7,42,65,64.6,14,18,77.8,2,0.8,0.3,1.2,9,13,3,0,16,Matches,Valladolid,2024
567,Iván Sánchez,es ESP,"MF,FW",32-228,14.0,354,497,71.2,6307,1971,169,190,88.9,129,173,74.6,48,105,45.7,1,2.0,2.2,-1.0,18,40,16,10,64,Matches,Valladolid,2024
568,Juanmi Latasa,es ESP,FW,24-047,12.0,122,208,58.7,1802,298,72,104,69.2,36,69,52.2,8,13,61.5,0,0.5,0.3,-0.5,10,7,2,1,12,Matches,Valladolid,2024
569,Juma Bah,sl SLE,DF,19-028,9.6,330,407,81.1,6294,2123,118,131,90.1,177,191,92.7,31,73,42.5,0,0.0,0.0,0.0,1,15,0,0,13,Matches,Valladolid,2024
570,Antonio Candela,it ITA,DF,25-012,8.0,293,381,76.9,4946,1609,145,158,91.8,116,153,75.8,24,54,44.4,0,0.5,0.5,-0.5,4,16,5,5,19,Matches,Valladolid,2024
571,Adam Aznou,ma MAR,DF,18-341,7.5,186,262,71.0,2805,904,106,124,85.5,61,91,67.0,13,27,48.1,0,0.1,0.1,-0.1,3,15,1,0,19,Matches,Valladolid,2024
572,Chuky san jose,es ESP,MF,21-010,7.2,103,148,69.6,1709,461,55,67,82.1,32,44,72.7,13,24,54.2,0,0.8,0.8,-0.8,6,8,4,2,13,Matches,Valladolid,2024
573,Darwin Machís,ve VEN,"MF,FW",32-091,6.9,158,256,61.7,2899,860,73,87,83.9,55,86,64.0,23,63,36.5,1,0.5,0.9,0.5,8,17,5,4,19,Matches,Valladolid,2024
574,Tamás Nikitscher,hu HUN,MF,25-187,6.3,195,211,92.4,3040,617,101,109,92.7,76,79,96.2,12,15,80.0,0,0.0,0.0,0.0,1,8,1,0,8,Matches,Valladolid,2024
575,Florian Grillitsch,at AUT,MF,29-275,5.3,222,274,81.0,4279,1077,83,93,89.2,105,120,87.5,29,47,61.7,0,0.6,0.4,-0.6,7,26,5,0,33,Matches,Valladolid,2024
576,Joseph Aidoo,gh GHA,DF,29-222,6.0,323,360,89.7,6776,2399,77,82,93.9,204,214,95.3,41,62,66.1,0,0.0,0.1,0.0,0,9,2,0,12,Matches,Valladolid,2024
577,André Ferreira,pt POR,GK,28-345,5.0,114,164,69.5,3243,2404,15,15,100.0,66,66,100.0,33,82,40.2,0,0.0,0.0,0.0,0,0,0,0,0,Matches,Valladolid,2024
578,Cenk Özkacar,tr TUR,DF,24-215,4.9,176,212,83.0,3554,1303,54,58,93.1,106,114,93.0,15,34,44.1,0,0.0,0.0,0.0,0,4,0,0,5,Matches,Valladolid,2024
579,Amath,sn SEN,"FW,DF",28-297,3.9,75,98,76.5,1131,259,43,47,91.5,23,28,82.1,6,12,50.0,1,0.2,0.1,0.8,4,4,3,1,12,Matches,Valladolid,2024
580,Enzo Boyomo,cm CMR,DF,23-214,3.0,174,190,91.6,3007,1118,75,77,97.4,87,93,93.5,11,19,57.9,0,0.0,0.0,0.0,0,2,0,0,7,Matches,Valladolid,2024
581,Víctor Meseguer,es ESP,MF,25-334,4.6,148,189,78.3,2262,703,76,89,85.4,57,71,80.3,6,11,54.5,0,0.0,0.3,0.0,1,17,1,1,22,Matches,Valladolid,2024
582,Henrique,br BRA,DF,31-014,2.2,117,136,86.0,1815,420,58,61,95.1,53,60,88.3,6,12,50.0,0,0.0,0.0,0.0,1,9,0,0,9,Matches,Valladolid,2024
583,Raúl Chasco,es ESP,DF,21-238,1.4,35,58,60.3,730,329,15,19,78.9,13,20,65.0,7,16,43.8,0,0.0,0.1,0.0,1,5,1,0,3,Matches,Valladolid,2024
584,Arnau Rafús,es ESP,GK,22-012,1.0,33,43,76.7,1001,672,4,4,100.0,20,21,95.2,9,17,52.9,0,0.0,0.0,0.0,0,0,0,0,0,Matches,Valladolid,2024
585,Mario Maroto,es ESP,MF,21-162,0.2,11,15,73.3,200,65,6,6,100.0,3,4,75.0,2,2,100.0,1,0.1,0.0,0.9,1,2,0,0,1,Matches,Valladolid,2024
586,Adrian Baquerin,es ESP,FW,18-066,0.1,3,3,100.0,37,10,2,2,100.0,1,1,100.0,0,0,,0,0.0,0.0,0.0,0,0,1,0,1,Matches,Valladolid,2024
587,Kenedy,br BRA,"MF,FW",29-090,0.1,1,2,50.0,10,0,1,2,50.0,0,0,,0,0,,0,0.0,0.0,0.0,0,0,0,0,0,Matches,Valladolid,2024
